INSERT INTO `authorization`(`ID`, `Name`) VALUES (1, 'OperatorI');
INSERT INTO `authorization`(`ID`, `Name`) VALUES (2, 'OperatorII');
INSERT INTO `authorization`(`ID`, `Name`) VALUES (3, 'Supervisor');
INSERT INTO `authorization`(`ID`, `Name`) VALUES (4, 'Manager');
INSERT INTO `authorization`(`ID`, `Name`) VALUES (5, 'Admin');
INSERT INTO `authorization`(`ID`, `Name`) VALUES (6, 'system');
INSERT INTO `employees`(`EmpID`, `Name`, `Sex`, `PhoneNo`, `Birthday`) VALUES (1207001, '邓武', '女', '15895259379', '1994-11-24');
INSERT INTO `employees`(`EmpID`, `Name`, `Sex`, `PhoneNo`, `Birthday`) VALUES (1207002, '王锋', '男', '15152048082', '1991-05-03');
INSERT INTO `employees`(`EmpID`, `Name`, `Sex`, `PhoneNo`, `Birthday`) VALUES (1207003, '杨恺', '男', '13905226080', '1996-05-18');
INSERT INTO `employees`(`EmpID`, `Name`, `Sex`, `PhoneNo`, `Birthday`) VALUES (1207004, '王益', '女', '13905222902', '1995-04-04');
INSERT INTO `employees`(`EmpID`, `Name`, `Sex`, `PhoneNo`, `Birthday`) VALUES (1207005, '刘明', '男', '13905222070', '1990-01-01');
INSERT INTO `employees`(`EmpID`, `Name`, `Sex`, `PhoneNo`, `Birthday`) VALUES (1212001, '李哲', '男', '15895257629', '1996-08-16');
INSERT INTO `employees`(`EmpID`, `Name`, `Sex`, `PhoneNo`, `Birthday`) VALUES (1212002, '王平', '男', '15152043093', '1988-11-06');
INSERT INTO `employees`(`EmpID`, `Name`, `Sex`, `PhoneNo`, `Birthday`) VALUES (1212003, '刘韬', '男', '15152046201', '1991-07-20');
INSERT INTO `employees`(`EmpID`, `Name`, `Sex`, `PhoneNo`, `Birthday`) VALUES (1212004, '王杰', '男', '15895258086', '1993-07-04');
INSERT INTO `employees`(`EmpID`, `Name`, `Sex`, `PhoneNo`, `Birthday`) VALUES (1212005, '张恒', '男', '13905225310', '1988-01-21');
INSERT INTO `employees`(`EmpID`, `Name`, `Sex`, `PhoneNo`, `Birthday`) VALUES (1236001, '李成', '男', '15895254060', '1988-05-07');
INSERT INTO `employees`(`EmpID`, `Name`, `Sex`, `PhoneNo`, `Birthday`) VALUES (1236002, '张杉', '男', '15152046805', '1992-09-16');
INSERT INTO `employees`(`EmpID`, `Name`, `Sex`, `PhoneNo`, `Birthday`) VALUES (1236003, '李清', '男', '15895258669', '1995-12-19');
INSERT INTO `employees`(`EmpID`, `Name`, `Sex`, `PhoneNo`, `Birthday`) VALUES (1236004, '张易', '男', '15152047467', '1989-11-01');
INSERT INTO `employees`(`EmpID`, `Name`, `Sex`, `PhoneNo`, `Birthday`) VALUES (1236005, '刘忠', '男', '13905225730', '1996-06-30');
INSERT INTO `employees`(`EmpID`, `Name`, `Sex`, `PhoneNo`, `Birthday`) VALUES (1236006, '邓贵', '女', '13905224373', '1990-04-15');
INSERT INTO `employees`(`EmpID`, `Name`, `Sex`, `PhoneNo`, `Birthday`) VALUES (1236007, '张黎', '男', '13905221866', '1991-05-24');
INSERT INTO `location`(`Location`, `Bin`, `State`) VALUES ('1-A1', 1, 0);
INSERT INTO `location`(`Location`, `Bin`, `State`) VALUES ('1-A1', 2, 0);
INSERT INTO `location`(`Location`, `Bin`, `State`) VALUES ('1-A1', 3, 0);
INSERT INTO `location`(`Location`, `Bin`, `State`) VALUES ('1-A1', 4, 0);
INSERT INTO `location`(`Location`, `Bin`, `State`) VALUES ('1-A1', 5, 0);
INSERT INTO `location`(`Location`, `Bin`, `State`) VALUES ('1-A1', 6, 0);
INSERT INTO `location`(`Location`, `Bin`, `State`) VALUES ('1-A1', 7, 0);
INSERT INTO `location`(`Location`, `Bin`, `State`) VALUES ('1-A1', 8, 0);
INSERT INTO `location`(`Location`, `Bin`, `State`) VALUES ('1-A1', 9, 0);
INSERT INTO `location`(`Location`, `Bin`, `State`) VALUES ('1-A1', 10, 0);
INSERT INTO `location`(`Location`, `Bin`, `State`) VALUES ('1-A2', 1, 0);
INSERT INTO `location`(`Location`, `Bin`, `State`) VALUES ('1-A2', 2, 0);
INSERT INTO `location`(`Location`, `Bin`, `State`) VALUES ('1-A2', 3, 1);
INSERT INTO `location`(`Location`, `Bin`, `State`) VALUES ('1-A2', 4, 0);
INSERT INTO `location`(`Location`, `Bin`, `State`) VALUES ('1-A2', 5, 0);
INSERT INTO `location`(`Location`, `Bin`, `State`) VALUES ('1-A2', 6, 0);
INSERT INTO `location`(`Location`, `Bin`, `State`) VALUES ('1-A2', 7, 0);
INSERT INTO `location`(`Location`, `Bin`, `State`) VALUES ('1-A2', 8, 0);
INSERT INTO `location`(`Location`, `Bin`, `State`) VALUES ('1-A2', 9, 0);
INSERT INTO `location`(`Location`, `Bin`, `State`) VALUES ('1-A2', 10, 0);
INSERT INTO `location`(`Location`, `Bin`, `State`) VALUES ('1-A3', 1, 0);
INSERT INTO `location`(`Location`, `Bin`, `State`) VALUES ('1-A3', 2, 0);
INSERT INTO `location`(`Location`, `Bin`, `State`) VALUES ('1-A3', 3, 0);
INSERT INTO `location`(`Location`, `Bin`, `State`) VALUES ('1-A3', 4, 0);
INSERT INTO `location`(`Location`, `Bin`, `State`) VALUES ('1-A3', 5, 0);
INSERT INTO `location`(`Location`, `Bin`, `State`) VALUES ('1-A3', 6, 0);
INSERT INTO `location`(`Location`, `Bin`, `State`) VALUES ('1-A3', 7, 0);
INSERT INTO `location`(`Location`, `Bin`, `State`) VALUES ('1-A3', 8, 0);
INSERT INTO `location`(`Location`, `Bin`, `State`) VALUES ('1-A3', 9, 0);
INSERT INTO `location`(`Location`, `Bin`, `State`) VALUES ('1-A3', 10, 0);
INSERT INTO `location`(`Location`, `Bin`, `State`) VALUES ('1-A4', 1, 0);
INSERT INTO `location`(`Location`, `Bin`, `State`) VALUES ('1-A4', 2, 0);
INSERT INTO `location`(`Location`, `Bin`, `State`) VALUES ('1-A4', 3, 0);
INSERT INTO `location`(`Location`, `Bin`, `State`) VALUES ('1-A4', 4, 0);
INSERT INTO `location`(`Location`, `Bin`, `State`) VALUES ('1-A4', 5, 0);
INSERT INTO `location`(`Location`, `Bin`, `State`) VALUES ('1-A4', 6, 0);
INSERT INTO `location`(`Location`, `Bin`, `State`) VALUES ('1-A4', 7, 0);
INSERT INTO `location`(`Location`, `Bin`, `State`) VALUES ('1-A4', 8, 0);
INSERT INTO `location`(`Location`, `Bin`, `State`) VALUES ('1-A4', 9, 0);
INSERT INTO `location`(`Location`, `Bin`, `State`) VALUES ('1-A4', 10, 0);
INSERT INTO `location`(`Location`, `Bin`, `State`) VALUES ('1-B1', 1, 0);
INSERT INTO `location`(`Location`, `Bin`, `State`) VALUES ('1-B1', 2, 0);
INSERT INTO `location`(`Location`, `Bin`, `State`) VALUES ('1-B1', 3, 0);
INSERT INTO `location`(`Location`, `Bin`, `State`) VALUES ('1-B1', 4, 0);
INSERT INTO `location`(`Location`, `Bin`, `State`) VALUES ('1-B1', 5, 0);
INSERT INTO `location`(`Location`, `Bin`, `State`) VALUES ('1-B1', 6, 0);
INSERT INTO `location`(`Location`, `Bin`, `State`) VALUES ('1-B1', 7, 0);
INSERT INTO `location`(`Location`, `Bin`, `State`) VALUES ('1-B1', 8, 1);
INSERT INTO `location`(`Location`, `Bin`, `State`) VALUES ('1-B1', 9, 0);
INSERT INTO `location`(`Location`, `Bin`, `State`) VALUES ('1-B1', 10, 0);
INSERT INTO `location`(`Location`, `Bin`, `State`) VALUES ('1-B2', 1, 0);
INSERT INTO `location`(`Location`, `Bin`, `State`) VALUES ('1-B2', 2, 1);
INSERT INTO `location`(`Location`, `Bin`, `State`) VALUES ('1-B2', 3, 0);
INSERT INTO `location`(`Location`, `Bin`, `State`) VALUES ('1-B2', 4, 0);
INSERT INTO `location`(`Location`, `Bin`, `State`) VALUES ('1-B2', 5, 0);
INSERT INTO `location`(`Location`, `Bin`, `State`) VALUES ('1-B2', 6, 0);
INSERT INTO `location`(`Location`, `Bin`, `State`) VALUES ('1-B2', 7, 0);
INSERT INTO `location`(`Location`, `Bin`, `State`) VALUES ('1-B2', 8, 0);
INSERT INTO `location`(`Location`, `Bin`, `State`) VALUES ('1-B2', 9, 0);
INSERT INTO `location`(`Location`, `Bin`, `State`) VALUES ('1-B2', 10, 0);
INSERT INTO `location`(`Location`, `Bin`, `State`) VALUES ('1-B3', 1, 0);
INSERT INTO `location`(`Location`, `Bin`, `State`) VALUES ('1-B3', 2, 0);
INSERT INTO `location`(`Location`, `Bin`, `State`) VALUES ('1-B3', 3, 0);
INSERT INTO `location`(`Location`, `Bin`, `State`) VALUES ('1-B3', 4, 0);
INSERT INTO `location`(`Location`, `Bin`, `State`) VALUES ('1-B3', 5, 0);
INSERT INTO `location`(`Location`, `Bin`, `State`) VALUES ('1-B3', 6, 0);
INSERT INTO `location`(`Location`, `Bin`, `State`) VALUES ('1-B3', 7, 0);
INSERT INTO `location`(`Location`, `Bin`, `State`) VALUES ('1-B3', 8, 0);
INSERT INTO `location`(`Location`, `Bin`, `State`) VALUES ('1-B3', 9, 0);
INSERT INTO `location`(`Location`, `Bin`, `State`) VALUES ('1-B3', 10, 0);
INSERT INTO `location`(`Location`, `Bin`, `State`) VALUES ('1-B4', 1, 0);
INSERT INTO `location`(`Location`, `Bin`, `State`) VALUES ('1-B4', 2, 1);
INSERT INTO `location`(`Location`, `Bin`, `State`) VALUES ('1-B4', 3, 1);
INSERT INTO `location`(`Location`, `Bin`, `State`) VALUES ('1-B4', 4, 0);
INSERT INTO `location`(`Location`, `Bin`, `State`) VALUES ('1-B4', 5, 0);
INSERT INTO `location`(`Location`, `Bin`, `State`) VALUES ('1-B4', 6, 0);
INSERT INTO `location`(`Location`, `Bin`, `State`) VALUES ('1-B4', 7, 0);
INSERT INTO `location`(`Location`, `Bin`, `State`) VALUES ('1-B4', 8, 0);
INSERT INTO `location`(`Location`, `Bin`, `State`) VALUES ('1-B4', 9, 0);
INSERT INTO `location`(`Location`, `Bin`, `State`) VALUES ('1-B4', 10, 0);
INSERT INTO `location`(`Location`, `Bin`, `State`) VALUES ('1-C1', 1, 0);
INSERT INTO `location`(`Location`, `Bin`, `State`) VALUES ('1-C1', 2, 0);
INSERT INTO `location`(`Location`, `Bin`, `State`) VALUES ('1-C1', 3, 0);
INSERT INTO `location`(`Location`, `Bin`, `State`) VALUES ('1-C1', 4, 0);
INSERT INTO `location`(`Location`, `Bin`, `State`) VALUES ('1-C1', 5, 0);
INSERT INTO `location`(`Location`, `Bin`, `State`) VALUES ('1-C1', 6, 0);
INSERT INTO `location`(`Location`, `Bin`, `State`) VALUES ('1-C1', 7, 0);
INSERT INTO `location`(`Location`, `Bin`, `State`) VALUES ('1-C1', 8, 0);
INSERT INTO `location`(`Location`, `Bin`, `State`) VALUES ('1-C1', 9, 0);
INSERT INTO `location`(`Location`, `Bin`, `State`) VALUES ('1-C1', 10, 0);
INSERT INTO `location`(`Location`, `Bin`, `State`) VALUES ('1-C2', 1, 0);
INSERT INTO `location`(`Location`, `Bin`, `State`) VALUES ('1-C2', 2, 0);
INSERT INTO `location`(`Location`, `Bin`, `State`) VALUES ('1-C2', 3, 0);
INSERT INTO `location`(`Location`, `Bin`, `State`) VALUES ('1-C2', 4, 0);
INSERT INTO `location`(`Location`, `Bin`, `State`) VALUES ('1-C2', 5, 0);
INSERT INTO `location`(`Location`, `Bin`, `State`) VALUES ('1-C2', 6, 0);
INSERT INTO `location`(`Location`, `Bin`, `State`) VALUES ('1-C2', 7, 0);
INSERT INTO `location`(`Location`, `Bin`, `State`) VALUES ('1-C2', 8, 0);
INSERT INTO `location`(`Location`, `Bin`, `State`) VALUES ('1-C2', 9, 0);
INSERT INTO `location`(`Location`, `Bin`, `State`) VALUES ('1-C2', 10, 0);
INSERT INTO `location`(`Location`, `Bin`, `State`) VALUES ('1-C3', 1, 0);
INSERT INTO `location`(`Location`, `Bin`, `State`) VALUES ('1-C3', 2, 0);
INSERT INTO `location`(`Location`, `Bin`, `State`) VALUES ('1-C3', 3, 0);
INSERT INTO `location`(`Location`, `Bin`, `State`) VALUES ('1-C3', 4, 0);
INSERT INTO `location`(`Location`, `Bin`, `State`) VALUES ('1-C3', 5, 0);
INSERT INTO `location`(`Location`, `Bin`, `State`) VALUES ('1-C3', 6, 0);
INSERT INTO `location`(`Location`, `Bin`, `State`) VALUES ('1-C3', 7, 0);
INSERT INTO `location`(`Location`, `Bin`, `State`) VALUES ('1-C3', 8, 0);
INSERT INTO `location`(`Location`, `Bin`, `State`) VALUES ('1-C3', 9, 0);
INSERT INTO `location`(`Location`, `Bin`, `State`) VALUES ('1-C3', 10, 0);
INSERT INTO `location`(`Location`, `Bin`, `State`) VALUES ('1-C4', 1, 0);
INSERT INTO `location`(`Location`, `Bin`, `State`) VALUES ('1-C4', 2, 0);
INSERT INTO `location`(`Location`, `Bin`, `State`) VALUES ('1-C4', 3, 0);
INSERT INTO `location`(`Location`, `Bin`, `State`) VALUES ('1-C4', 4, 0);
INSERT INTO `location`(`Location`, `Bin`, `State`) VALUES ('1-C4', 5, 0);
INSERT INTO `location`(`Location`, `Bin`, `State`) VALUES ('1-C4', 6, 0);
INSERT INTO `location`(`Location`, `Bin`, `State`) VALUES ('1-C4', 7, 0);
INSERT INTO `location`(`Location`, `Bin`, `State`) VALUES ('1-C4', 8, 0);
INSERT INTO `location`(`Location`, `Bin`, `State`) VALUES ('1-C4', 9, 0);
INSERT INTO `location`(`Location`, `Bin`, `State`) VALUES ('1-C4', 10, 0);
INSERT INTO `location`(`Location`, `Bin`, `State`) VALUES ('2-A1', 1, 0);
INSERT INTO `location`(`Location`, `Bin`, `State`) VALUES ('2-A1', 2, 0);
INSERT INTO `location`(`Location`, `Bin`, `State`) VALUES ('2-A1', 3, 0);
INSERT INTO `location`(`Location`, `Bin`, `State`) VALUES ('2-A1', 4, 0);
INSERT INTO `location`(`Location`, `Bin`, `State`) VALUES ('2-A1', 5, 0);
INSERT INTO `location`(`Location`, `Bin`, `State`) VALUES ('2-A1', 6, 0);
INSERT INTO `location`(`Location`, `Bin`, `State`) VALUES ('2-A1', 7, 0);
INSERT INTO `location`(`Location`, `Bin`, `State`) VALUES ('2-A1', 8, 0);
INSERT INTO `location`(`Location`, `Bin`, `State`) VALUES ('2-A1', 9, 0);
INSERT INTO `location`(`Location`, `Bin`, `State`) VALUES ('2-A1', 10, 0);
INSERT INTO `location`(`Location`, `Bin`, `State`) VALUES ('2-A2', 1, 0);
INSERT INTO `location`(`Location`, `Bin`, `State`) VALUES ('2-A2', 2, 0);
INSERT INTO `location`(`Location`, `Bin`, `State`) VALUES ('2-A2', 3, 1);
INSERT INTO `location`(`Location`, `Bin`, `State`) VALUES ('2-A2', 4, 0);
INSERT INTO `location`(`Location`, `Bin`, `State`) VALUES ('2-A2', 5, 0);
INSERT INTO `location`(`Location`, `Bin`, `State`) VALUES ('2-A2', 6, 0);
INSERT INTO `location`(`Location`, `Bin`, `State`) VALUES ('2-A2', 7, 0);
INSERT INTO `location`(`Location`, `Bin`, `State`) VALUES ('2-A2', 8, 1);
INSERT INTO `location`(`Location`, `Bin`, `State`) VALUES ('2-A2', 9, 0);
INSERT INTO `location`(`Location`, `Bin`, `State`) VALUES ('2-A2', 10, 0);
INSERT INTO `location`(`Location`, `Bin`, `State`) VALUES ('2-A3', 1, 0);
INSERT INTO `location`(`Location`, `Bin`, `State`) VALUES ('2-A3', 2, 0);
INSERT INTO `location`(`Location`, `Bin`, `State`) VALUES ('2-A3', 3, 0);
INSERT INTO `location`(`Location`, `Bin`, `State`) VALUES ('2-A3', 4, 0);
INSERT INTO `location`(`Location`, `Bin`, `State`) VALUES ('2-A3', 5, 0);
INSERT INTO `location`(`Location`, `Bin`, `State`) VALUES ('2-A3', 6, 0);
INSERT INTO `location`(`Location`, `Bin`, `State`) VALUES ('2-A3', 7, 0);
INSERT INTO `location`(`Location`, `Bin`, `State`) VALUES ('2-A3', 8, 0);
INSERT INTO `location`(`Location`, `Bin`, `State`) VALUES ('2-A3', 9, 0);
INSERT INTO `location`(`Location`, `Bin`, `State`) VALUES ('2-A3', 10, 0);
INSERT INTO `location`(`Location`, `Bin`, `State`) VALUES ('2-A4', 1, 0);
INSERT INTO `location`(`Location`, `Bin`, `State`) VALUES ('2-A4', 2, 0);
INSERT INTO `location`(`Location`, `Bin`, `State`) VALUES ('2-A4', 3, 0);
INSERT INTO `location`(`Location`, `Bin`, `State`) VALUES ('2-A4', 4, 0);
INSERT INTO `location`(`Location`, `Bin`, `State`) VALUES ('2-A4', 5, 0);
INSERT INTO `location`(`Location`, `Bin`, `State`) VALUES ('2-A4', 6, 0);
INSERT INTO `location`(`Location`, `Bin`, `State`) VALUES ('2-A4', 7, 0);
INSERT INTO `location`(`Location`, `Bin`, `State`) VALUES ('2-A4', 8, 0);
INSERT INTO `location`(`Location`, `Bin`, `State`) VALUES ('2-A4', 9, 0);
INSERT INTO `location`(`Location`, `Bin`, `State`) VALUES ('2-A4', 10, 0);
INSERT INTO `location`(`Location`, `Bin`, `State`) VALUES ('2-B1', 1, 0);
INSERT INTO `location`(`Location`, `Bin`, `State`) VALUES ('2-B1', 2, 0);
INSERT INTO `location`(`Location`, `Bin`, `State`) VALUES ('2-B1', 3, 0);
INSERT INTO `location`(`Location`, `Bin`, `State`) VALUES ('2-B1', 4, 0);
INSERT INTO `location`(`Location`, `Bin`, `State`) VALUES ('2-B1', 5, 0);
INSERT INTO `location`(`Location`, `Bin`, `State`) VALUES ('2-B1', 6, 0);
INSERT INTO `location`(`Location`, `Bin`, `State`) VALUES ('2-B1', 7, 0);
INSERT INTO `location`(`Location`, `Bin`, `State`) VALUES ('2-B1', 8, 0);
INSERT INTO `location`(`Location`, `Bin`, `State`) VALUES ('2-B1', 9, 0);
INSERT INTO `location`(`Location`, `Bin`, `State`) VALUES ('2-B1', 10, 0);
INSERT INTO `location`(`Location`, `Bin`, `State`) VALUES ('2-B2', 1, 0);
INSERT INTO `location`(`Location`, `Bin`, `State`) VALUES ('2-B2', 2, 0);
INSERT INTO `location`(`Location`, `Bin`, `State`) VALUES ('2-B2', 3, 0);
INSERT INTO `location`(`Location`, `Bin`, `State`) VALUES ('2-B2', 4, 0);
INSERT INTO `location`(`Location`, `Bin`, `State`) VALUES ('2-B2', 5, 0);
INSERT INTO `location`(`Location`, `Bin`, `State`) VALUES ('2-B2', 6, 0);
INSERT INTO `location`(`Location`, `Bin`, `State`) VALUES ('2-B2', 7, 0);
INSERT INTO `location`(`Location`, `Bin`, `State`) VALUES ('2-B2', 8, 0);
INSERT INTO `location`(`Location`, `Bin`, `State`) VALUES ('2-B2', 9, 0);
INSERT INTO `location`(`Location`, `Bin`, `State`) VALUES ('2-B2', 10, 0);
INSERT INTO `location`(`Location`, `Bin`, `State`) VALUES ('2-B3', 1, 0);
INSERT INTO `location`(`Location`, `Bin`, `State`) VALUES ('2-B3', 2, 0);
INSERT INTO `location`(`Location`, `Bin`, `State`) VALUES ('2-B3', 3, 0);
INSERT INTO `location`(`Location`, `Bin`, `State`) VALUES ('2-B3', 4, 0);
INSERT INTO `location`(`Location`, `Bin`, `State`) VALUES ('2-B3', 5, 0);
INSERT INTO `location`(`Location`, `Bin`, `State`) VALUES ('2-B3', 6, 0);
INSERT INTO `location`(`Location`, `Bin`, `State`) VALUES ('2-B3', 7, 0);
INSERT INTO `location`(`Location`, `Bin`, `State`) VALUES ('2-B3', 8, 0);
INSERT INTO `location`(`Location`, `Bin`, `State`) VALUES ('2-B3', 9, 0);
INSERT INTO `location`(`Location`, `Bin`, `State`) VALUES ('2-B3', 10, 0);
INSERT INTO `location`(`Location`, `Bin`, `State`) VALUES ('2-B4', 1, 0);
INSERT INTO `location`(`Location`, `Bin`, `State`) VALUES ('2-B4', 2, 0);
INSERT INTO `location`(`Location`, `Bin`, `State`) VALUES ('2-B4', 3, 0);
INSERT INTO `location`(`Location`, `Bin`, `State`) VALUES ('2-B4', 4, 0);
INSERT INTO `location`(`Location`, `Bin`, `State`) VALUES ('2-B4', 5, 0);
INSERT INTO `location`(`Location`, `Bin`, `State`) VALUES ('2-B4', 6, 0);
INSERT INTO `location`(`Location`, `Bin`, `State`) VALUES ('2-B4', 7, 0);
INSERT INTO `location`(`Location`, `Bin`, `State`) VALUES ('2-B4', 8, 0);
INSERT INTO `location`(`Location`, `Bin`, `State`) VALUES ('2-B4', 9, 0);
INSERT INTO `location`(`Location`, `Bin`, `State`) VALUES ('2-B4', 10, 0);
INSERT INTO `location`(`Location`, `Bin`, `State`) VALUES ('2-C1', 1, 0);
INSERT INTO `location`(`Location`, `Bin`, `State`) VALUES ('2-C1', 2, 0);
INSERT INTO `location`(`Location`, `Bin`, `State`) VALUES ('2-C1', 3, 0);
INSERT INTO `location`(`Location`, `Bin`, `State`) VALUES ('2-C1', 4, 0);
INSERT INTO `location`(`Location`, `Bin`, `State`) VALUES ('2-C1', 5, 0);
INSERT INTO `location`(`Location`, `Bin`, `State`) VALUES ('2-C1', 6, 0);
INSERT INTO `location`(`Location`, `Bin`, `State`) VALUES ('2-C1', 7, 0);
INSERT INTO `location`(`Location`, `Bin`, `State`) VALUES ('2-C1', 8, 0);
INSERT INTO `location`(`Location`, `Bin`, `State`) VALUES ('2-C1', 9, 0);
INSERT INTO `location`(`Location`, `Bin`, `State`) VALUES ('2-C1', 10, 0);
INSERT INTO `location`(`Location`, `Bin`, `State`) VALUES ('2-C2', 1, 0);
INSERT INTO `location`(`Location`, `Bin`, `State`) VALUES ('2-C2', 2, 0);
INSERT INTO `location`(`Location`, `Bin`, `State`) VALUES ('2-C2', 3, 0);
INSERT INTO `location`(`Location`, `Bin`, `State`) VALUES ('2-C2', 4, 0);
INSERT INTO `location`(`Location`, `Bin`, `State`) VALUES ('2-C2', 5, 0);
INSERT INTO `location`(`Location`, `Bin`, `State`) VALUES ('2-C2', 6, 0);
INSERT INTO `location`(`Location`, `Bin`, `State`) VALUES ('2-C2', 7, 0);
INSERT INTO `location`(`Location`, `Bin`, `State`) VALUES ('2-C2', 8, 0);
INSERT INTO `location`(`Location`, `Bin`, `State`) VALUES ('2-C2', 9, 0);
INSERT INTO `location`(`Location`, `Bin`, `State`) VALUES ('2-C2', 10, 0);
INSERT INTO `location`(`Location`, `Bin`, `State`) VALUES ('2-C3', 1, 0);
INSERT INTO `location`(`Location`, `Bin`, `State`) VALUES ('2-C3', 2, 0);
INSERT INTO `location`(`Location`, `Bin`, `State`) VALUES ('2-C3', 3, 0);
INSERT INTO `location`(`Location`, `Bin`, `State`) VALUES ('2-C3', 4, 0);
INSERT INTO `location`(`Location`, `Bin`, `State`) VALUES ('2-C3', 5, 0);
INSERT INTO `location`(`Location`, `Bin`, `State`) VALUES ('2-C3', 6, 0);
INSERT INTO `location`(`Location`, `Bin`, `State`) VALUES ('2-C3', 7, 0);
INSERT INTO `location`(`Location`, `Bin`, `State`) VALUES ('2-C3', 8, 0);
INSERT INTO `location`(`Location`, `Bin`, `State`) VALUES ('2-C3', 9, 0);
INSERT INTO `location`(`Location`, `Bin`, `State`) VALUES ('2-C3', 10, 0);
INSERT INTO `location`(`Location`, `Bin`, `State`) VALUES ('2-C4', 1, 0);
INSERT INTO `location`(`Location`, `Bin`, `State`) VALUES ('2-C4', 2, 0);
INSERT INTO `location`(`Location`, `Bin`, `State`) VALUES ('2-C4', 3, 0);
INSERT INTO `location`(`Location`, `Bin`, `State`) VALUES ('2-C4', 4, 0);
INSERT INTO `location`(`Location`, `Bin`, `State`) VALUES ('2-C4', 5, 0);
INSERT INTO `location`(`Location`, `Bin`, `State`) VALUES ('2-C4', 6, 0);
INSERT INTO `location`(`Location`, `Bin`, `State`) VALUES ('2-C4', 7, 0);
INSERT INTO `location`(`Location`, `Bin`, `State`) VALUES ('2-C4', 8, 0);
INSERT INTO `location`(`Location`, `Bin`, `State`) VALUES ('2-C4', 9, 0);
INSERT INTO `location`(`Location`, `Bin`, `State`) VALUES ('2-C4', 10, 0);
INSERT INTO `location`(`Location`, `Bin`, `State`) VALUES ('3-A1', 1, 0);
INSERT INTO `location`(`Location`, `Bin`, `State`) VALUES ('3-A1', 2, 0);
INSERT INTO `location`(`Location`, `Bin`, `State`) VALUES ('3-A1', 3, 0);
INSERT INTO `location`(`Location`, `Bin`, `State`) VALUES ('3-A1', 4, 0);
INSERT INTO `location`(`Location`, `Bin`, `State`) VALUES ('3-A1', 5, 0);
INSERT INTO `location`(`Location`, `Bin`, `State`) VALUES ('3-A1', 6, 0);
INSERT INTO `location`(`Location`, `Bin`, `State`) VALUES ('3-A1', 7, 0);
INSERT INTO `location`(`Location`, `Bin`, `State`) VALUES ('3-A1', 8, 0);
INSERT INTO `location`(`Location`, `Bin`, `State`) VALUES ('3-A1', 9, 0);
INSERT INTO `location`(`Location`, `Bin`, `State`) VALUES ('3-A1', 10, 0);
INSERT INTO `location`(`Location`, `Bin`, `State`) VALUES ('3-A2', 1, 0);
INSERT INTO `location`(`Location`, `Bin`, `State`) VALUES ('3-A2', 2, 0);
INSERT INTO `location`(`Location`, `Bin`, `State`) VALUES ('3-A2', 3, 0);
INSERT INTO `location`(`Location`, `Bin`, `State`) VALUES ('3-A2', 4, 0);
INSERT INTO `location`(`Location`, `Bin`, `State`) VALUES ('3-A2', 5, 1);
INSERT INTO `location`(`Location`, `Bin`, `State`) VALUES ('3-A2', 6, 1);
INSERT INTO `location`(`Location`, `Bin`, `State`) VALUES ('3-A2', 7, 0);
INSERT INTO `location`(`Location`, `Bin`, `State`) VALUES ('3-A2', 8, 0);
INSERT INTO `location`(`Location`, `Bin`, `State`) VALUES ('3-A2', 9, 0);
INSERT INTO `location`(`Location`, `Bin`, `State`) VALUES ('3-A2', 10, 0);
INSERT INTO `location`(`Location`, `Bin`, `State`) VALUES ('3-A3', 1, 0);
INSERT INTO `location`(`Location`, `Bin`, `State`) VALUES ('3-A3', 2, 0);
INSERT INTO `location`(`Location`, `Bin`, `State`) VALUES ('3-A3', 3, 1);
INSERT INTO `location`(`Location`, `Bin`, `State`) VALUES ('3-A3', 4, 0);
INSERT INTO `location`(`Location`, `Bin`, `State`) VALUES ('3-A3', 5, 0);
INSERT INTO `location`(`Location`, `Bin`, `State`) VALUES ('3-A3', 6, 0);
INSERT INTO `location`(`Location`, `Bin`, `State`) VALUES ('3-A3', 7, 0);
INSERT INTO `location`(`Location`, `Bin`, `State`) VALUES ('3-A3', 8, 0);
INSERT INTO `location`(`Location`, `Bin`, `State`) VALUES ('3-A3', 9, 0);
INSERT INTO `location`(`Location`, `Bin`, `State`) VALUES ('3-A3', 10, 0);
INSERT INTO `location`(`Location`, `Bin`, `State`) VALUES ('3-A4', 1, 0);
INSERT INTO `location`(`Location`, `Bin`, `State`) VALUES ('3-A4', 2, 0);
INSERT INTO `location`(`Location`, `Bin`, `State`) VALUES ('3-A4', 3, 0);
INSERT INTO `location`(`Location`, `Bin`, `State`) VALUES ('3-A4', 4, 0);
INSERT INTO `location`(`Location`, `Bin`, `State`) VALUES ('3-A4', 5, 0);
INSERT INTO `location`(`Location`, `Bin`, `State`) VALUES ('3-A4', 6, 0);
INSERT INTO `location`(`Location`, `Bin`, `State`) VALUES ('3-A4', 7, 0);
INSERT INTO `location`(`Location`, `Bin`, `State`) VALUES ('3-A4', 8, 0);
INSERT INTO `location`(`Location`, `Bin`, `State`) VALUES ('3-A4', 9, 0);
INSERT INTO `location`(`Location`, `Bin`, `State`) VALUES ('3-A4', 10, 0);
INSERT INTO `location`(`Location`, `Bin`, `State`) VALUES ('3-B1', 1, 0);
INSERT INTO `location`(`Location`, `Bin`, `State`) VALUES ('3-B1', 2, 0);
INSERT INTO `location`(`Location`, `Bin`, `State`) VALUES ('3-B1', 3, 0);
INSERT INTO `location`(`Location`, `Bin`, `State`) VALUES ('3-B1', 4, 0);
INSERT INTO `location`(`Location`, `Bin`, `State`) VALUES ('3-B1', 5, 0);
INSERT INTO `location`(`Location`, `Bin`, `State`) VALUES ('3-B1', 6, 0);
INSERT INTO `location`(`Location`, `Bin`, `State`) VALUES ('3-B1', 7, 0);
INSERT INTO `location`(`Location`, `Bin`, `State`) VALUES ('3-B1', 8, 0);
INSERT INTO `location`(`Location`, `Bin`, `State`) VALUES ('3-B1', 9, 0);
INSERT INTO `location`(`Location`, `Bin`, `State`) VALUES ('3-B1', 10, 0);
INSERT INTO `location`(`Location`, `Bin`, `State`) VALUES ('3-B2', 1, 0);
INSERT INTO `location`(`Location`, `Bin`, `State`) VALUES ('3-B2', 2, 0);
INSERT INTO `location`(`Location`, `Bin`, `State`) VALUES ('3-B2', 3, 0);
INSERT INTO `location`(`Location`, `Bin`, `State`) VALUES ('3-B2', 4, 0);
INSERT INTO `location`(`Location`, `Bin`, `State`) VALUES ('3-B2', 5, 0);
INSERT INTO `location`(`Location`, `Bin`, `State`) VALUES ('3-B2', 6, 0);
INSERT INTO `location`(`Location`, `Bin`, `State`) VALUES ('3-B2', 7, 0);
INSERT INTO `location`(`Location`, `Bin`, `State`) VALUES ('3-B2', 8, 0);
INSERT INTO `location`(`Location`, `Bin`, `State`) VALUES ('3-B2', 9, 0);
INSERT INTO `location`(`Location`, `Bin`, `State`) VALUES ('3-B2', 10, 0);
INSERT INTO `location`(`Location`, `Bin`, `State`) VALUES ('3-B3', 1, 0);
INSERT INTO `location`(`Location`, `Bin`, `State`) VALUES ('3-B3', 2, 0);
INSERT INTO `location`(`Location`, `Bin`, `State`) VALUES ('3-B3', 3, 0);
INSERT INTO `location`(`Location`, `Bin`, `State`) VALUES ('3-B3', 4, 0);
INSERT INTO `location`(`Location`, `Bin`, `State`) VALUES ('3-B3', 5, 0);
INSERT INTO `location`(`Location`, `Bin`, `State`) VALUES ('3-B3', 6, 0);
INSERT INTO `location`(`Location`, `Bin`, `State`) VALUES ('3-B3', 7, 0);
INSERT INTO `location`(`Location`, `Bin`, `State`) VALUES ('3-B3', 8, 0);
INSERT INTO `location`(`Location`, `Bin`, `State`) VALUES ('3-B3', 9, 0);
INSERT INTO `location`(`Location`, `Bin`, `State`) VALUES ('3-B3', 10, 0);
INSERT INTO `location`(`Location`, `Bin`, `State`) VALUES ('3-B4', 1, 0);
INSERT INTO `location`(`Location`, `Bin`, `State`) VALUES ('3-B4', 2, 0);
INSERT INTO `location`(`Location`, `Bin`, `State`) VALUES ('3-B4', 3, 0);
INSERT INTO `location`(`Location`, `Bin`, `State`) VALUES ('3-B4', 4, 0);
INSERT INTO `location`(`Location`, `Bin`, `State`) VALUES ('3-B4', 5, 0);
INSERT INTO `location`(`Location`, `Bin`, `State`) VALUES ('3-B4', 6, 0);
INSERT INTO `location`(`Location`, `Bin`, `State`) VALUES ('3-B4', 7, 0);
INSERT INTO `location`(`Location`, `Bin`, `State`) VALUES ('3-B4', 8, 0);
INSERT INTO `location`(`Location`, `Bin`, `State`) VALUES ('3-B4', 9, 0);
INSERT INTO `location`(`Location`, `Bin`, `State`) VALUES ('3-B4', 10, 0);
INSERT INTO `location`(`Location`, `Bin`, `State`) VALUES ('3-C1', 1, 0);
INSERT INTO `location`(`Location`, `Bin`, `State`) VALUES ('3-C1', 2, 0);
INSERT INTO `location`(`Location`, `Bin`, `State`) VALUES ('3-C1', 3, 0);
INSERT INTO `location`(`Location`, `Bin`, `State`) VALUES ('3-C1', 4, 0);
INSERT INTO `location`(`Location`, `Bin`, `State`) VALUES ('3-C1', 5, 0);
INSERT INTO `location`(`Location`, `Bin`, `State`) VALUES ('3-C1', 6, 0);
INSERT INTO `location`(`Location`, `Bin`, `State`) VALUES ('3-C1', 7, 0);
INSERT INTO `location`(`Location`, `Bin`, `State`) VALUES ('3-C1', 8, 0);
INSERT INTO `location`(`Location`, `Bin`, `State`) VALUES ('3-C1', 9, 0);
INSERT INTO `location`(`Location`, `Bin`, `State`) VALUES ('3-C1', 10, 0);
INSERT INTO `location`(`Location`, `Bin`, `State`) VALUES ('3-C2', 1, 0);
INSERT INTO `location`(`Location`, `Bin`, `State`) VALUES ('3-C2', 2, 0);
INSERT INTO `location`(`Location`, `Bin`, `State`) VALUES ('3-C2', 3, 0);
INSERT INTO `location`(`Location`, `Bin`, `State`) VALUES ('3-C2', 4, 0);
INSERT INTO `location`(`Location`, `Bin`, `State`) VALUES ('3-C2', 5, 0);
INSERT INTO `location`(`Location`, `Bin`, `State`) VALUES ('3-C2', 6, 0);
INSERT INTO `location`(`Location`, `Bin`, `State`) VALUES ('3-C2', 7, 0);
INSERT INTO `location`(`Location`, `Bin`, `State`) VALUES ('3-C2', 8, 0);
INSERT INTO `location`(`Location`, `Bin`, `State`) VALUES ('3-C2', 9, 0);
INSERT INTO `location`(`Location`, `Bin`, `State`) VALUES ('3-C2', 10, 0);
INSERT INTO `location`(`Location`, `Bin`, `State`) VALUES ('3-C3', 1, 0);
INSERT INTO `location`(`Location`, `Bin`, `State`) VALUES ('3-C3', 2, 0);
INSERT INTO `location`(`Location`, `Bin`, `State`) VALUES ('3-C3', 3, 0);
INSERT INTO `location`(`Location`, `Bin`, `State`) VALUES ('3-C3', 4, 0);
INSERT INTO `location`(`Location`, `Bin`, `State`) VALUES ('3-C3', 5, 0);
INSERT INTO `location`(`Location`, `Bin`, `State`) VALUES ('3-C3', 6, 0);
INSERT INTO `location`(`Location`, `Bin`, `State`) VALUES ('3-C3', 7, 0);
INSERT INTO `location`(`Location`, `Bin`, `State`) VALUES ('3-C3', 8, 0);
INSERT INTO `location`(`Location`, `Bin`, `State`) VALUES ('3-C3', 9, 0);
INSERT INTO `location`(`Location`, `Bin`, `State`) VALUES ('3-C3', 10, 0);
INSERT INTO `location`(`Location`, `Bin`, `State`) VALUES ('3-C4', 1, 0);
INSERT INTO `location`(`Location`, `Bin`, `State`) VALUES ('3-C4', 2, 0);
INSERT INTO `location`(`Location`, `Bin`, `State`) VALUES ('3-C4', 3, 0);
INSERT INTO `location`(`Location`, `Bin`, `State`) VALUES ('3-C4', 4, 0);
INSERT INTO `location`(`Location`, `Bin`, `State`) VALUES ('3-C4', 5, 0);
INSERT INTO `location`(`Location`, `Bin`, `State`) VALUES ('3-C4', 6, 0);
INSERT INTO `location`(`Location`, `Bin`, `State`) VALUES ('3-C4', 7, 0);
INSERT INTO `location`(`Location`, `Bin`, `State`) VALUES ('3-C4', 8, 0);
INSERT INTO `location`(`Location`, `Bin`, `State`) VALUES ('3-C4', 9, 0);
INSERT INTO `location`(`Location`, `Bin`, `State`) VALUES ('3-C4', 10, 0);
INSERT INTO `location`(`Location`, `Bin`, `State`) VALUES ('4-A1', 1, 0);
INSERT INTO `location`(`Location`, `Bin`, `State`) VALUES ('4-A1', 2, 0);
INSERT INTO `location`(`Location`, `Bin`, `State`) VALUES ('4-A1', 3, 0);
INSERT INTO `location`(`Location`, `Bin`, `State`) VALUES ('4-A1', 4, 1);
INSERT INTO `location`(`Location`, `Bin`, `State`) VALUES ('4-A1', 5, 0);
INSERT INTO `location`(`Location`, `Bin`, `State`) VALUES ('4-A1', 6, 0);
INSERT INTO `location`(`Location`, `Bin`, `State`) VALUES ('4-A1', 7, 0);
INSERT INTO `location`(`Location`, `Bin`, `State`) VALUES ('4-A1', 8, 0);
INSERT INTO `location`(`Location`, `Bin`, `State`) VALUES ('4-A1', 9, 0);
INSERT INTO `location`(`Location`, `Bin`, `State`) VALUES ('4-A1', 10, 0);
INSERT INTO `location`(`Location`, `Bin`, `State`) VALUES ('4-A2', 1, 0);
INSERT INTO `location`(`Location`, `Bin`, `State`) VALUES ('4-A2', 2, 0);
INSERT INTO `location`(`Location`, `Bin`, `State`) VALUES ('4-A2', 3, 0);
INSERT INTO `location`(`Location`, `Bin`, `State`) VALUES ('4-A2', 4, 0);
INSERT INTO `location`(`Location`, `Bin`, `State`) VALUES ('4-A2', 5, 0);
INSERT INTO `location`(`Location`, `Bin`, `State`) VALUES ('4-A2', 6, 0);
INSERT INTO `location`(`Location`, `Bin`, `State`) VALUES ('4-A2', 7, 0);
INSERT INTO `location`(`Location`, `Bin`, `State`) VALUES ('4-A2', 8, 0);
INSERT INTO `location`(`Location`, `Bin`, `State`) VALUES ('4-A2', 9, 0);
INSERT INTO `location`(`Location`, `Bin`, `State`) VALUES ('4-A2', 10, 1);
INSERT INTO `location`(`Location`, `Bin`, `State`) VALUES ('4-A3', 1, 0);
INSERT INTO `location`(`Location`, `Bin`, `State`) VALUES ('4-A3', 2, 0);
INSERT INTO `location`(`Location`, `Bin`, `State`) VALUES ('4-A3', 3, 0);
INSERT INTO `location`(`Location`, `Bin`, `State`) VALUES ('4-A3', 4, 0);
INSERT INTO `location`(`Location`, `Bin`, `State`) VALUES ('4-A3', 5, 0);
INSERT INTO `location`(`Location`, `Bin`, `State`) VALUES ('4-A3', 6, 0);
INSERT INTO `location`(`Location`, `Bin`, `State`) VALUES ('4-A3', 7, 0);
INSERT INTO `location`(`Location`, `Bin`, `State`) VALUES ('4-A3', 8, 0);
INSERT INTO `location`(`Location`, `Bin`, `State`) VALUES ('4-A3', 9, 0);
INSERT INTO `location`(`Location`, `Bin`, `State`) VALUES ('4-A3', 10, 1);
INSERT INTO `location`(`Location`, `Bin`, `State`) VALUES ('4-A4', 1, 0);
INSERT INTO `location`(`Location`, `Bin`, `State`) VALUES ('4-A4', 2, 0);
INSERT INTO `location`(`Location`, `Bin`, `State`) VALUES ('4-A4', 3, 0);
INSERT INTO `location`(`Location`, `Bin`, `State`) VALUES ('4-A4', 4, 0);
INSERT INTO `location`(`Location`, `Bin`, `State`) VALUES ('4-A4', 5, 0);
INSERT INTO `location`(`Location`, `Bin`, `State`) VALUES ('4-A4', 6, 0);
INSERT INTO `location`(`Location`, `Bin`, `State`) VALUES ('4-A4', 7, 0);
INSERT INTO `location`(`Location`, `Bin`, `State`) VALUES ('4-A4', 8, 0);
INSERT INTO `location`(`Location`, `Bin`, `State`) VALUES ('4-A4', 9, 0);
INSERT INTO `location`(`Location`, `Bin`, `State`) VALUES ('4-A4', 10, 0);
INSERT INTO `location`(`Location`, `Bin`, `State`) VALUES ('4-B1', 1, 0);
INSERT INTO `location`(`Location`, `Bin`, `State`) VALUES ('4-B1', 2, 0);
INSERT INTO `location`(`Location`, `Bin`, `State`) VALUES ('4-B1', 3, 0);
INSERT INTO `location`(`Location`, `Bin`, `State`) VALUES ('4-B1', 4, 0);
INSERT INTO `location`(`Location`, `Bin`, `State`) VALUES ('4-B1', 5, 0);
INSERT INTO `location`(`Location`, `Bin`, `State`) VALUES ('4-B1', 6, 0);
INSERT INTO `location`(`Location`, `Bin`, `State`) VALUES ('4-B1', 7, 0);
INSERT INTO `location`(`Location`, `Bin`, `State`) VALUES ('4-B1', 8, 0);
INSERT INTO `location`(`Location`, `Bin`, `State`) VALUES ('4-B1', 9, 0);
INSERT INTO `location`(`Location`, `Bin`, `State`) VALUES ('4-B1', 10, 0);
INSERT INTO `location`(`Location`, `Bin`, `State`) VALUES ('4-B2', 1, 0);
INSERT INTO `location`(`Location`, `Bin`, `State`) VALUES ('4-B2', 2, 1);
INSERT INTO `location`(`Location`, `Bin`, `State`) VALUES ('4-B2', 3, 0);
INSERT INTO `location`(`Location`, `Bin`, `State`) VALUES ('4-B2', 4, 0);
INSERT INTO `location`(`Location`, `Bin`, `State`) VALUES ('4-B2', 5, 0);
INSERT INTO `location`(`Location`, `Bin`, `State`) VALUES ('4-B2', 6, 0);
INSERT INTO `location`(`Location`, `Bin`, `State`) VALUES ('4-B2', 7, 0);
INSERT INTO `location`(`Location`, `Bin`, `State`) VALUES ('4-B2', 8, 0);
INSERT INTO `location`(`Location`, `Bin`, `State`) VALUES ('4-B2', 9, 0);
INSERT INTO `location`(`Location`, `Bin`, `State`) VALUES ('4-B2', 10, 0);
INSERT INTO `location`(`Location`, `Bin`, `State`) VALUES ('4-B3', 1, 0);
INSERT INTO `location`(`Location`, `Bin`, `State`) VALUES ('4-B3', 2, 0);
INSERT INTO `location`(`Location`, `Bin`, `State`) VALUES ('4-B3', 3, 1);
INSERT INTO `location`(`Location`, `Bin`, `State`) VALUES ('4-B3', 4, 0);
INSERT INTO `location`(`Location`, `Bin`, `State`) VALUES ('4-B3', 5, 0);
INSERT INTO `location`(`Location`, `Bin`, `State`) VALUES ('4-B3', 6, 0);
INSERT INTO `location`(`Location`, `Bin`, `State`) VALUES ('4-B3', 7, 0);
INSERT INTO `location`(`Location`, `Bin`, `State`) VALUES ('4-B3', 8, 1);
INSERT INTO `location`(`Location`, `Bin`, `State`) VALUES ('4-B3', 9, 0);
INSERT INTO `location`(`Location`, `Bin`, `State`) VALUES ('4-B3', 10, 0);
INSERT INTO `location`(`Location`, `Bin`, `State`) VALUES ('4-B4', 1, 0);
INSERT INTO `location`(`Location`, `Bin`, `State`) VALUES ('4-B4', 2, 0);
INSERT INTO `location`(`Location`, `Bin`, `State`) VALUES ('4-B4', 3, 0);
INSERT INTO `location`(`Location`, `Bin`, `State`) VALUES ('4-B4', 4, 0);
INSERT INTO `location`(`Location`, `Bin`, `State`) VALUES ('4-B4', 5, 0);
INSERT INTO `location`(`Location`, `Bin`, `State`) VALUES ('4-B4', 6, 0);
INSERT INTO `location`(`Location`, `Bin`, `State`) VALUES ('4-B4', 7, 0);
INSERT INTO `location`(`Location`, `Bin`, `State`) VALUES ('4-B4', 8, 0);
INSERT INTO `location`(`Location`, `Bin`, `State`) VALUES ('4-B4', 9, 0);
INSERT INTO `location`(`Location`, `Bin`, `State`) VALUES ('4-B4', 10, 0);
INSERT INTO `location`(`Location`, `Bin`, `State`) VALUES ('4-C1', 1, 0);
INSERT INTO `location`(`Location`, `Bin`, `State`) VALUES ('4-C1', 2, 0);
INSERT INTO `location`(`Location`, `Bin`, `State`) VALUES ('4-C1', 3, 0);
INSERT INTO `location`(`Location`, `Bin`, `State`) VALUES ('4-C1', 4, 0);
INSERT INTO `location`(`Location`, `Bin`, `State`) VALUES ('4-C1', 5, 0);
INSERT INTO `location`(`Location`, `Bin`, `State`) VALUES ('4-C1', 6, 0);
INSERT INTO `location`(`Location`, `Bin`, `State`) VALUES ('4-C1', 7, 0);
INSERT INTO `location`(`Location`, `Bin`, `State`) VALUES ('4-C1', 8, 0);
INSERT INTO `location`(`Location`, `Bin`, `State`) VALUES ('4-C1', 9, 0);
INSERT INTO `location`(`Location`, `Bin`, `State`) VALUES ('4-C1', 10, 0);
INSERT INTO `location`(`Location`, `Bin`, `State`) VALUES ('4-C2', 1, 0);
INSERT INTO `location`(`Location`, `Bin`, `State`) VALUES ('4-C2', 2, 0);
INSERT INTO `location`(`Location`, `Bin`, `State`) VALUES ('4-C2', 3, 0);
INSERT INTO `location`(`Location`, `Bin`, `State`) VALUES ('4-C2', 4, 0);
INSERT INTO `location`(`Location`, `Bin`, `State`) VALUES ('4-C2', 5, 1);
INSERT INTO `location`(`Location`, `Bin`, `State`) VALUES ('4-C2', 6, 0);
INSERT INTO `location`(`Location`, `Bin`, `State`) VALUES ('4-C2', 7, 0);
INSERT INTO `location`(`Location`, `Bin`, `State`) VALUES ('4-C2', 8, 0);
INSERT INTO `location`(`Location`, `Bin`, `State`) VALUES ('4-C2', 9, 0);
INSERT INTO `location`(`Location`, `Bin`, `State`) VALUES ('4-C2', 10, 1);
INSERT INTO `location`(`Location`, `Bin`, `State`) VALUES ('4-C3', 1, 0);
INSERT INTO `location`(`Location`, `Bin`, `State`) VALUES ('4-C3', 2, 0);
INSERT INTO `location`(`Location`, `Bin`, `State`) VALUES ('4-C3', 3, 0);
INSERT INTO `location`(`Location`, `Bin`, `State`) VALUES ('4-C3', 4, 0);
INSERT INTO `location`(`Location`, `Bin`, `State`) VALUES ('4-C3', 5, 0);
INSERT INTO `location`(`Location`, `Bin`, `State`) VALUES ('4-C3', 6, 0);
INSERT INTO `location`(`Location`, `Bin`, `State`) VALUES ('4-C3', 7, 0);
INSERT INTO `location`(`Location`, `Bin`, `State`) VALUES ('4-C3', 8, 0);
INSERT INTO `location`(`Location`, `Bin`, `State`) VALUES ('4-C3', 9, 1);
INSERT INTO `location`(`Location`, `Bin`, `State`) VALUES ('4-C3', 10, 0);
INSERT INTO `location`(`Location`, `Bin`, `State`) VALUES ('4-C4', 1, 0);
INSERT INTO `location`(`Location`, `Bin`, `State`) VALUES ('4-C4', 2, 0);
INSERT INTO `location`(`Location`, `Bin`, `State`) VALUES ('4-C4', 3, 0);
INSERT INTO `location`(`Location`, `Bin`, `State`) VALUES ('4-C4', 4, 0);
INSERT INTO `location`(`Location`, `Bin`, `State`) VALUES ('4-C4', 5, 0);
INSERT INTO `location`(`Location`, `Bin`, `State`) VALUES ('4-C4', 6, 0);
INSERT INTO `location`(`Location`, `Bin`, `State`) VALUES ('4-C4', 7, 1);
INSERT INTO `location`(`Location`, `Bin`, `State`) VALUES ('4-C4', 8, 0);
INSERT INTO `location`(`Location`, `Bin`, `State`) VALUES ('4-C4', 9, 0);
INSERT INTO `location`(`Location`, `Bin`, `State`) VALUES ('4-C4', 10, 0);
INSERT INTO `location`(`Location`, `Bin`, `State`) VALUES ('5-A1', 1, 0);
INSERT INTO `location`(`Location`, `Bin`, `State`) VALUES ('5-A1', 2, 0);
INSERT INTO `location`(`Location`, `Bin`, `State`) VALUES ('5-A1', 3, 0);
INSERT INTO `location`(`Location`, `Bin`, `State`) VALUES ('5-A1', 4, 0);
INSERT INTO `location`(`Location`, `Bin`, `State`) VALUES ('5-A1', 5, 0);
INSERT INTO `location`(`Location`, `Bin`, `State`) VALUES ('5-A1', 6, 0);
INSERT INTO `location`(`Location`, `Bin`, `State`) VALUES ('5-A1', 7, 0);
INSERT INTO `location`(`Location`, `Bin`, `State`) VALUES ('5-A1', 8, 0);
INSERT INTO `location`(`Location`, `Bin`, `State`) VALUES ('5-A1', 9, 0);
INSERT INTO `location`(`Location`, `Bin`, `State`) VALUES ('5-A1', 10, 0);
INSERT INTO `location`(`Location`, `Bin`, `State`) VALUES ('5-A2', 1, 0);
INSERT INTO `location`(`Location`, `Bin`, `State`) VALUES ('5-A2', 2, 0);
INSERT INTO `location`(`Location`, `Bin`, `State`) VALUES ('5-A2', 3, 0);
INSERT INTO `location`(`Location`, `Bin`, `State`) VALUES ('5-A2', 4, 0);
INSERT INTO `location`(`Location`, `Bin`, `State`) VALUES ('5-A2', 5, 0);
INSERT INTO `location`(`Location`, `Bin`, `State`) VALUES ('5-A2', 6, 0);
INSERT INTO `location`(`Location`, `Bin`, `State`) VALUES ('5-A2', 7, 0);
INSERT INTO `location`(`Location`, `Bin`, `State`) VALUES ('5-A2', 8, 0);
INSERT INTO `location`(`Location`, `Bin`, `State`) VALUES ('5-A2', 9, 0);
INSERT INTO `location`(`Location`, `Bin`, `State`) VALUES ('5-A2', 10, 0);
INSERT INTO `location`(`Location`, `Bin`, `State`) VALUES ('5-A3', 1, 1);
INSERT INTO `location`(`Location`, `Bin`, `State`) VALUES ('5-A3', 2, 0);
INSERT INTO `location`(`Location`, `Bin`, `State`) VALUES ('5-A3', 3, 0);
INSERT INTO `location`(`Location`, `Bin`, `State`) VALUES ('5-A3', 4, 0);
INSERT INTO `location`(`Location`, `Bin`, `State`) VALUES ('5-A3', 5, 0);
INSERT INTO `location`(`Location`, `Bin`, `State`) VALUES ('5-A3', 6, 0);
INSERT INTO `location`(`Location`, `Bin`, `State`) VALUES ('5-A3', 7, 0);
INSERT INTO `location`(`Location`, `Bin`, `State`) VALUES ('5-A3', 8, 0);
INSERT INTO `location`(`Location`, `Bin`, `State`) VALUES ('5-A3', 9, 0);
INSERT INTO `location`(`Location`, `Bin`, `State`) VALUES ('5-A3', 10, 0);
INSERT INTO `location`(`Location`, `Bin`, `State`) VALUES ('5-A4', 1, 0);
INSERT INTO `location`(`Location`, `Bin`, `State`) VALUES ('5-A4', 2, 0);
INSERT INTO `location`(`Location`, `Bin`, `State`) VALUES ('5-A4', 3, 0);
INSERT INTO `location`(`Location`, `Bin`, `State`) VALUES ('5-A4', 4, 0);
INSERT INTO `location`(`Location`, `Bin`, `State`) VALUES ('5-A4', 5, 0);
INSERT INTO `location`(`Location`, `Bin`, `State`) VALUES ('5-A4', 6, 0);
INSERT INTO `location`(`Location`, `Bin`, `State`) VALUES ('5-A4', 7, 0);
INSERT INTO `location`(`Location`, `Bin`, `State`) VALUES ('5-A4', 8, 0);
INSERT INTO `location`(`Location`, `Bin`, `State`) VALUES ('5-A4', 9, 0);
INSERT INTO `location`(`Location`, `Bin`, `State`) VALUES ('5-A4', 10, 1);
INSERT INTO `location`(`Location`, `Bin`, `State`) VALUES ('5-B1', 1, 0);
INSERT INTO `location`(`Location`, `Bin`, `State`) VALUES ('5-B1', 2, 0);
INSERT INTO `location`(`Location`, `Bin`, `State`) VALUES ('5-B1', 3, 0);
INSERT INTO `location`(`Location`, `Bin`, `State`) VALUES ('5-B1', 4, 0);
INSERT INTO `location`(`Location`, `Bin`, `State`) VALUES ('5-B1', 5, 0);
INSERT INTO `location`(`Location`, `Bin`, `State`) VALUES ('5-B1', 6, 0);
INSERT INTO `location`(`Location`, `Bin`, `State`) VALUES ('5-B1', 7, 0);
INSERT INTO `location`(`Location`, `Bin`, `State`) VALUES ('5-B1', 8, 0);
INSERT INTO `location`(`Location`, `Bin`, `State`) VALUES ('5-B1', 9, 0);
INSERT INTO `location`(`Location`, `Bin`, `State`) VALUES ('5-B1', 10, 0);
INSERT INTO `location`(`Location`, `Bin`, `State`) VALUES ('5-B2', 1, 0);
INSERT INTO `location`(`Location`, `Bin`, `State`) VALUES ('5-B2', 2, 0);
INSERT INTO `location`(`Location`, `Bin`, `State`) VALUES ('5-B2', 3, 0);
INSERT INTO `location`(`Location`, `Bin`, `State`) VALUES ('5-B2', 4, 0);
INSERT INTO `location`(`Location`, `Bin`, `State`) VALUES ('5-B2', 5, 0);
INSERT INTO `location`(`Location`, `Bin`, `State`) VALUES ('5-B2', 6, 1);
INSERT INTO `location`(`Location`, `Bin`, `State`) VALUES ('5-B2', 7, 0);
INSERT INTO `location`(`Location`, `Bin`, `State`) VALUES ('5-B2', 8, 0);
INSERT INTO `location`(`Location`, `Bin`, `State`) VALUES ('5-B2', 9, 0);
INSERT INTO `location`(`Location`, `Bin`, `State`) VALUES ('5-B2', 10, 0);
INSERT INTO `location`(`Location`, `Bin`, `State`) VALUES ('5-B3', 1, 0);
INSERT INTO `location`(`Location`, `Bin`, `State`) VALUES ('5-B3', 2, 0);
INSERT INTO `location`(`Location`, `Bin`, `State`) VALUES ('5-B3', 3, 0);
INSERT INTO `location`(`Location`, `Bin`, `State`) VALUES ('5-B3', 4, 0);
INSERT INTO `location`(`Location`, `Bin`, `State`) VALUES ('5-B3', 5, 0);
INSERT INTO `location`(`Location`, `Bin`, `State`) VALUES ('5-B3', 6, 0);
INSERT INTO `location`(`Location`, `Bin`, `State`) VALUES ('5-B3', 7, 0);
INSERT INTO `location`(`Location`, `Bin`, `State`) VALUES ('5-B3', 8, 0);
INSERT INTO `location`(`Location`, `Bin`, `State`) VALUES ('5-B3', 9, 0);
INSERT INTO `location`(`Location`, `Bin`, `State`) VALUES ('5-B3', 10, 0);
INSERT INTO `location`(`Location`, `Bin`, `State`) VALUES ('5-B4', 1, 0);
INSERT INTO `location`(`Location`, `Bin`, `State`) VALUES ('5-B4', 2, 0);
INSERT INTO `location`(`Location`, `Bin`, `State`) VALUES ('5-B4', 3, 0);
INSERT INTO `location`(`Location`, `Bin`, `State`) VALUES ('5-B4', 4, 0);
INSERT INTO `location`(`Location`, `Bin`, `State`) VALUES ('5-B4', 5, 0);
INSERT INTO `location`(`Location`, `Bin`, `State`) VALUES ('5-B4', 6, 0);
INSERT INTO `location`(`Location`, `Bin`, `State`) VALUES ('5-B4', 7, 0);
INSERT INTO `location`(`Location`, `Bin`, `State`) VALUES ('5-B4', 8, 0);
INSERT INTO `location`(`Location`, `Bin`, `State`) VALUES ('5-B4', 9, 0);
INSERT INTO `location`(`Location`, `Bin`, `State`) VALUES ('5-B4', 10, 0);
INSERT INTO `location`(`Location`, `Bin`, `State`) VALUES ('5-C1', 1, 0);
INSERT INTO `location`(`Location`, `Bin`, `State`) VALUES ('5-C1', 2, 0);
INSERT INTO `location`(`Location`, `Bin`, `State`) VALUES ('5-C1', 3, 0);
INSERT INTO `location`(`Location`, `Bin`, `State`) VALUES ('5-C1', 4, 0);
INSERT INTO `location`(`Location`, `Bin`, `State`) VALUES ('5-C1', 5, 0);
INSERT INTO `location`(`Location`, `Bin`, `State`) VALUES ('5-C1', 6, 0);
INSERT INTO `location`(`Location`, `Bin`, `State`) VALUES ('5-C1', 7, 0);
INSERT INTO `location`(`Location`, `Bin`, `State`) VALUES ('5-C1', 8, 0);
INSERT INTO `location`(`Location`, `Bin`, `State`) VALUES ('5-C1', 9, 0);
INSERT INTO `location`(`Location`, `Bin`, `State`) VALUES ('5-C1', 10, 0);
INSERT INTO `location`(`Location`, `Bin`, `State`) VALUES ('5-C2', 1, 0);
INSERT INTO `location`(`Location`, `Bin`, `State`) VALUES ('5-C2', 2, 0);
INSERT INTO `location`(`Location`, `Bin`, `State`) VALUES ('5-C2', 3, 0);
INSERT INTO `location`(`Location`, `Bin`, `State`) VALUES ('5-C2', 4, 0);
INSERT INTO `location`(`Location`, `Bin`, `State`) VALUES ('5-C2', 5, 0);
INSERT INTO `location`(`Location`, `Bin`, `State`) VALUES ('5-C2', 6, 0);
INSERT INTO `location`(`Location`, `Bin`, `State`) VALUES ('5-C2', 7, 0);
INSERT INTO `location`(`Location`, `Bin`, `State`) VALUES ('5-C2', 8, 0);
INSERT INTO `location`(`Location`, `Bin`, `State`) VALUES ('5-C2', 9, 0);
INSERT INTO `location`(`Location`, `Bin`, `State`) VALUES ('5-C2', 10, 0);
INSERT INTO `location`(`Location`, `Bin`, `State`) VALUES ('5-C3', 1, 0);
INSERT INTO `location`(`Location`, `Bin`, `State`) VALUES ('5-C3', 2, 0);
INSERT INTO `location`(`Location`, `Bin`, `State`) VALUES ('5-C3', 3, 0);
INSERT INTO `location`(`Location`, `Bin`, `State`) VALUES ('5-C3', 4, 0);
INSERT INTO `location`(`Location`, `Bin`, `State`) VALUES ('5-C3', 5, 0);
INSERT INTO `location`(`Location`, `Bin`, `State`) VALUES ('5-C3', 6, 0);
INSERT INTO `location`(`Location`, `Bin`, `State`) VALUES ('5-C3', 7, 0);
INSERT INTO `location`(`Location`, `Bin`, `State`) VALUES ('5-C3', 8, 0);
INSERT INTO `location`(`Location`, `Bin`, `State`) VALUES ('5-C3', 9, 0);
INSERT INTO `location`(`Location`, `Bin`, `State`) VALUES ('5-C3', 10, 0);
INSERT INTO `location`(`Location`, `Bin`, `State`) VALUES ('5-C4', 1, 0);
INSERT INTO `location`(`Location`, `Bin`, `State`) VALUES ('5-C4', 2, 0);
INSERT INTO `location`(`Location`, `Bin`, `State`) VALUES ('5-C4', 3, 0);
INSERT INTO `location`(`Location`, `Bin`, `State`) VALUES ('5-C4', 4, 0);
INSERT INTO `location`(`Location`, `Bin`, `State`) VALUES ('5-C4', 5, 1);
INSERT INTO `location`(`Location`, `Bin`, `State`) VALUES ('5-C4', 6, 0);
INSERT INTO `location`(`Location`, `Bin`, `State`) VALUES ('5-C4', 7, 0);
INSERT INTO `location`(`Location`, `Bin`, `State`) VALUES ('5-C4', 8, 0);
INSERT INTO `location`(`Location`, `Bin`, `State`) VALUES ('5-C4', 9, 0);
INSERT INTO `location`(`Location`, `Bin`, `State`) VALUES ('5-C4', 10, 0);
INSERT INTO `manager`(`ID`, `Name`) VALUES (1207001, '邓武');
INSERT INTO `operator`(`ID`, `Name`) VALUES (1207003, '杨恺');
INSERT INTO `operator`(`ID`, `Name`) VALUES (1207004, '王益');
INSERT INTO `operator`(`ID`, `Name`) VALUES (1207005, '刘明');
INSERT INTO `operator`(`ID`, `Name`) VALUES (1212002, '王平');
INSERT INTO `operator`(`ID`, `Name`) VALUES (1212003, '刘韬');
INSERT INTO `operator`(`ID`, `Name`) VALUES (1212004, '王杰');
INSERT INTO `operator`(`ID`, `Name`) VALUES (1212005, '张恒');
INSERT INTO `operator`(`ID`, `Name`) VALUES (1236002, '张杉');
INSERT INTO `operator`(`ID`, `Name`) VALUES (1236003, '李清');
INSERT INTO `operator`(`ID`, `Name`) VALUES (1236004, '张易');
INSERT INTO `operator`(`ID`, `Name`) VALUES (1236005, '刘忠');
INSERT INTO `operator`(`ID`, `Name`) VALUES (1236006, '邓贵');
INSERT INTO `operator`(`ID`, `Name`) VALUES (1236007, '张黎');
INSERT INTO `operator1`(`ID`, `Name`) VALUES (1207004, '王益');
INSERT INTO `operator1`(`ID`, `Name`) VALUES (1207005, '刘明');
INSERT INTO `operator1`(`ID`, `Name`) VALUES (1212003, '刘韬');
INSERT INTO `operator1`(`ID`, `Name`) VALUES (1212004, '王杰');
INSERT INTO `operator1`(`ID`, `Name`) VALUES (1212005, '张恒');
INSERT INTO `operator1`(`ID`, `Name`) VALUES (1236005, '刘忠');
INSERT INTO `operator1`(`ID`, `Name`) VALUES (1236006, '邓贵');
INSERT INTO `operator1`(`ID`, `Name`) VALUES (1236007, '张黎');
INSERT INTO `operator2`(`ID`, `Name`) VALUES (1207003, '杨恺');
INSERT INTO `operator2`(`ID`, `Name`) VALUES (1212002, '王平');
INSERT INTO `operator2`(`ID`, `Name`) VALUES (1236002, '张杉');
INSERT INTO `operator2`(`ID`, `Name`) VALUES (1236003, '李清');
INSERT INTO `operator2`(`ID`, `Name`) VALUES (1236004, '张易');
INSERT INTO `outstorage`(`Code`, `SeqID`, `Location`, `Bin`, `GoWhere`, `LineID`, `ProductID`, `OutstorageDate`, `HandlerID`, `RecorderID`, `ShiftTime`, `Remark`) VALUES ('EF0789', 1, '3-A2', 5, '生产线', 5, 18, '2019-10-12 01:16:13', 1236005, 1236005, 2, '无');
INSERT INTO `outstorage`(`Code`, `SeqID`, `Location`, `Bin`, `GoWhere`, `LineID`, `ProductID`, `OutstorageDate`, `HandlerID`, `RecorderID`, `ShiftTime`, `Remark`) VALUES ('EF0798', 1, '2-A2', 3, '生产线', 16, 17, '2019-08-28 05:54:53', 1212005, 1207003, 2, '无');
INSERT INTO `outstorage`(`Code`, `SeqID`, `Location`, `Bin`, `GoWhere`, `LineID`, `ProductID`, `OutstorageDate`, `HandlerID`, `RecorderID`, `ShiftTime`, `Remark`) VALUES ('EF2184', 1, '1-B4', 3, '生产线', 24, 21, '2019-09-02 06:13:24', 1236007, 1236007, 0, '无');
INSERT INTO `outstorage`(`Code`, `SeqID`, `Location`, `Bin`, `GoWhere`, `LineID`, `ProductID`, `OutstorageDate`, `HandlerID`, `RecorderID`, `ShiftTime`, `Remark`) VALUES ('EF2185', 1, '1-A2', 3, '生产线', 26, 24, '2019-08-02 20:16:46', 1236007, 1236007, 1, '无');
INSERT INTO `outstorage`(`Code`, `SeqID`, `Location`, `Bin`, `GoWhere`, `LineID`, `ProductID`, `OutstorageDate`, `HandlerID`, `RecorderID`, `ShiftTime`, `Remark`) VALUES ('EF2186', 1, '3-A3', 3, '生产线', 15, 28, '2019-09-17 11:35:24', 1207005, 1207005, 0, '无');
INSERT INTO `outstorage`(`Code`, `SeqID`, `Location`, `Bin`, `GoWhere`, `LineID`, `ProductID`, `OutstorageDate`, `HandlerID`, `RecorderID`, `ShiftTime`, `Remark`) VALUES ('EF2187', 1, '1-B1', 8, '生产线', 9, 20, '2019-10-03 03:05:06', 1236005, 1236002, 2, '无');
INSERT INTO `outstorage`(`Code`, `SeqID`, `Location`, `Bin`, `GoWhere`, `LineID`, `ProductID`, `OutstorageDate`, `HandlerID`, `RecorderID`, `ShiftTime`, `Remark`) VALUES ('EF2188', 1, '3-A2', 6, '生产线', 26, 24, '2019-09-08 00:44:35', 1212005, 1236003, 2, '无');
INSERT INTO `outstorage`(`Code`, `SeqID`, `Location`, `Bin`, `GoWhere`, `LineID`, `ProductID`, `OutstorageDate`, `HandlerID`, `RecorderID`, `ShiftTime`, `Remark`) VALUES ('EF2189', 1, '5-A3', 1, '生产线', 19, 13, '2019-09-13 23:25:06', 1236006, 1236006, 2, '无');
INSERT INTO `outstorage`(`Code`, `SeqID`, `Location`, `Bin`, `GoWhere`, `LineID`, `ProductID`, `OutstorageDate`, `HandlerID`, `RecorderID`, `ShiftTime`, `Remark`) VALUES ('EF2190', 1, '5-B2', 6, '生产线', 25, 22, '2019-08-11 01:23:49', 1212004, 1212004, 2, '无');
INSERT INTO `outstorage`(`Code`, `SeqID`, `Location`, `Bin`, `GoWhere`, `LineID`, `ProductID`, `OutstorageDate`, `HandlerID`, `RecorderID`, `ShiftTime`, `Remark`) VALUES ('EF2191', 1, '4-B2', 2, '生产线', 9, 20, '2019-08-11 14:04:44', 1212004, 1212004, 1, '无');
INSERT INTO `outstorage`(`Code`, `SeqID`, `Location`, `Bin`, `GoWhere`, `LineID`, `ProductID`, `OutstorageDate`, `HandlerID`, `RecorderID`, `ShiftTime`, `Remark`) VALUES ('EF2192', 1, '4-B3', 3, '生产线', 21, 25, '2019-10-05 21:27:37', 1236005, 1236005, 1, '无');
INSERT INTO `outstorage`(`Code`, `SeqID`, `Location`, `Bin`, `GoWhere`, `LineID`, `ProductID`, `OutstorageDate`, `HandlerID`, `RecorderID`, `ShiftTime`, `Remark`) VALUES ('EF2203', 3, '4-A1', 4, '生产线', 20, 15, '2019-10-02 16:08:54', 1212003, 1212003, 1, '无');
INSERT INTO `outstorage`(`Code`, `SeqID`, `Location`, `Bin`, `GoWhere`, `LineID`, `ProductID`, `OutstorageDate`, `HandlerID`, `RecorderID`, `ShiftTime`, `Remark`) VALUES ('EF2207', 1, '4-C4', 7, '生产线', 3, 12, '2019-09-04 16:29:21', 1212005, 1212005, 1, '无');
INSERT INTO `outstorage`(`Code`, `SeqID`, `Location`, `Bin`, `GoWhere`, `LineID`, `ProductID`, `OutstorageDate`, `HandlerID`, `RecorderID`, `ShiftTime`, `Remark`) VALUES ('EF2208', 1, '4-A3', 10, '生产线', 14, 27, '2019-07-28 07:12:03', 1236005, 1236005, 0, '无');
INSERT INTO `outstorage`(`Code`, `SeqID`, `Location`, `Bin`, `GoWhere`, `LineID`, `ProductID`, `OutstorageDate`, `HandlerID`, `RecorderID`, `ShiftTime`, `Remark`) VALUES ('EF2209', 1, '1-B4', 2, '生产线', 15, 28, '2019-10-13 21:16:45', 1236006, 1236006, 1, '无');
INSERT INTO `outstorage`(`Code`, `SeqID`, `Location`, `Bin`, `GoWhere`, `LineID`, `ProductID`, `OutstorageDate`, `HandlerID`, `RecorderID`, `ShiftTime`, `Remark`) VALUES ('EF2210', 1, '4-C2', 10, '生产线', 8, 10, '2019-10-02 01:10:55', 1212004, 1212002, 2, '无');
INSERT INTO `outstorage`(`Code`, `SeqID`, `Location`, `Bin`, `GoWhere`, `LineID`, `ProductID`, `OutstorageDate`, `HandlerID`, `RecorderID`, `ShiftTime`, `Remark`) VALUES ('EF2234', 1, '4-C2', 5, '生产线', 20, 15, '2019-08-03 07:32:51', 1207004, 1236002, 0, '无');
INSERT INTO `outstorage`(`Code`, `SeqID`, `Location`, `Bin`, `GoWhere`, `LineID`, `ProductID`, `OutstorageDate`, `HandlerID`, `RecorderID`, `ShiftTime`, `Remark`) VALUES ('EF2235', 1, '4-C3', 9, '生产线', 16, 17, '2019-10-09 23:55:44', 1236005, 1236005, 2, '无');
INSERT INTO `outstorage`(`Code`, `SeqID`, `Location`, `Bin`, `GoWhere`, `LineID`, `ProductID`, `OutstorageDate`, `HandlerID`, `RecorderID`, `ShiftTime`, `Remark`) VALUES ('EF2236', 1, '4-B3', 8, '生产线', 3, 12, '2019-09-03 04:48:22', 1236007, 1236007, 2, '无');
INSERT INTO `outstorage`(`Code`, `SeqID`, `Location`, `Bin`, `GoWhere`, `LineID`, `ProductID`, `OutstorageDate`, `HandlerID`, `RecorderID`, `ShiftTime`, `Remark`) VALUES ('EF2237', 1, '5-C4', 5, '生产线', 6, 19, '2019-09-25 18:48:54', 1212005, 1236004, 1, '无');
INSERT INTO `outstorage`(`Code`, `SeqID`, `Location`, `Bin`, `GoWhere`, `LineID`, `ProductID`, `OutstorageDate`, `HandlerID`, `RecorderID`, `ShiftTime`, `Remark`) VALUES ('EF2238', 1, '5-A4', 10, '生产线', 15, 28, '2019-10-02 20:12:29', 1212005, 1236002, 1, '无');
INSERT INTO `outstorage`(`Code`, `SeqID`, `Location`, `Bin`, `GoWhere`, `LineID`, `ProductID`, `OutstorageDate`, `HandlerID`, `RecorderID`, `ShiftTime`, `Remark`) VALUES ('EF2239', 1, '2-A2', 8, '生产线', 19, 13, '2019-10-02 22:23:14', 1212004, 1236002, 2, '无');
INSERT INTO `outstorage`(`Code`, `SeqID`, `Location`, `Bin`, `GoWhere`, `LineID`, `ProductID`, `OutstorageDate`, `HandlerID`, `RecorderID`, `ShiftTime`, `Remark`) VALUES ('EF2240', 1, '1-B2', 2, '生产线', 3, 12, '2019-09-06 21:20:02', 1207004, 1236003, 1, '无');
INSERT INTO `outstorage`(`Code`, `SeqID`, `Location`, `Bin`, `GoWhere`, `LineID`, `ProductID`, `OutstorageDate`, `HandlerID`, `RecorderID`, `ShiftTime`, `Remark`) VALUES ('EF2241', 1, '4-A2', 10, '生产线', 8, 10, '2019-07-19 15:54:40', 1207004, 1207004, 1, '无');
INSERT INTO `production_line`(`ID`, `Name`) VALUES (1, 'BLKA10-L2');
INSERT INTO `production_line`(`ID`, `Name`) VALUES (2, 'BLKA13_L2');
INSERT INTO `production_line`(`ID`, `Name`) VALUES (3, 'BLKA14_L1');
INSERT INTO `production_line`(`ID`, `Name`) VALUES (4, 'BLKA15-L2');
INSERT INTO `production_line`(`ID`, `Name`) VALUES (5, 'BLKA15_L1');
INSERT INTO `production_line`(`ID`, `Name`) VALUES (6, 'BLKA15_L3');
INSERT INTO `production_line`(`ID`, `Name`) VALUES (7, 'BLKA15_L4');
INSERT INTO `production_line`(`ID`, `Name`) VALUES (8, 'BLKA16_2');
INSERT INTO `production_line`(`ID`, `Name`) VALUES (9, 'BLKA16_L2');
INSERT INTO `production_line`(`ID`, `Name`) VALUES (10, 'BLKA18_L1');
INSERT INTO `production_line`(`ID`, `Name`) VALUES (11, 'BLKC01_L1');
INSERT INTO `production_line`(`ID`, `Name`) VALUES (12, 'BLKC01_L2');
INSERT INTO `production_line`(`ID`, `Name`) VALUES (13, 'BLKC03_L1');
INSERT INTO `production_line`(`ID`, `Name`) VALUES (14, 'BLKC05_L1');
INSERT INTO `production_line`(`ID`, `Name`) VALUES (15, 'BLKC06_L1');
INSERT INTO `production_line`(`ID`, `Name`) VALUES (16, 'BLKC06_L2');
INSERT INTO `production_line`(`ID`, `Name`) VALUES (17, 'BLKC07_L1');
INSERT INTO `production_line`(`ID`, `Name`) VALUES (18, 'BLKC07_L2');
INSERT INTO `production_line`(`ID`, `Name`) VALUES (19, 'BLKC21_L1');
INSERT INTO `production_line`(`ID`, `Name`) VALUES (20, 'BLKC21_L2');
INSERT INTO `production_line`(`ID`, `Name`) VALUES (21, 'BLKC21_L3');
INSERT INTO `production_line`(`ID`, `Name`) VALUES (22, 'BLKA09');
INSERT INTO `production_line`(`ID`, `Name`) VALUES (23, 'MSUP');
INSERT INTO `production_line`(`ID`, `Name`) VALUES (24, 'SAU');
INSERT INTO `production_line`(`ID`, `Name`) VALUES (25, 'SCU');
INSERT INTO `production_line`(`ID`, `Name`) VALUES (26, 'Super   line');
INSERT INTO `production_line`(`ID`, `Name`) VALUES (27, 'SXU 0501');
INSERT INTO `supervisor`(`ID`, `Name`) VALUES (1207002, '王锋');
INSERT INTO `supervisor`(`ID`, `Name`) VALUES (1212001, '李哲');
INSERT INTO `supervisor`(`ID`, `Name`) VALUES (1236001, '李成');
INSERT INTO `tongs_definition`(`Code`, `WorkcellID`, `Workcell`, `FamilyID`, `Family`, `Name`, `Model`, `PartNo`, `Type`, `UsedFor`, `UPL`, `Owner`, `OwnerName`, `Remark`, `PMPeriod`, `PMType`, `RecOn`, `RecBy`, `RecByName`, `EditOn`, `EditBy`, `EditByName`) VALUES ('EF0789', 7, 'JW05', 79, 'JABIL FU', 'MOD 3XM2 陶瓷组装夹具', 'MOD 3XM2', 'PNA90320/1 PNA90320/2 PNA90322/1', NULL, '陶瓷组装', 2, 1230936, 'Lei Qian', NULL, '30', NULL, '2019-07-04 16:12:09', 1215072, 'Xianghai Zhang', '2019-07-04 16:12:09', 1215072, 'Xianghai Zhang');
INSERT INTO `tongs_definition`(`Code`, `WorkcellID`, `Workcell`, `FamilyID`, `Family`, `Name`, `Model`, `PartNo`, `Type`, `UsedFor`, `UPL`, `Owner`, `OwnerName`, `Remark`, `PMPeriod`, `PMType`, `RecOn`, `RecBy`, `RecByName`, `EditOn`, `EditBy`, `EditByName`) VALUES ('EF0798', 7, 'JW05', 79, 'JABIL FU', 'MOD 刷锡膏夹具', 'FU', 'PNA90320/1 PNA90320/2 PNA90322/1', NULL, 'MOD 刷锡膏', 2, 1230936, 'Lei Qian', NULL, '30', NULL, '2019-07-18 15:59:14', 1215072, 'Xianghai Zhang', '2019-07-18 15:59:14', 1215072, 'Xianghai Zhang');
INSERT INTO `tongs_definition`(`Code`, `WorkcellID`, `Workcell`, `FamilyID`, `Family`, `Name`, `Model`, `PartNo`, `Type`, `UsedFor`, `UPL`, `Owner`, `OwnerName`, `Remark`, `PMPeriod`, `PMType`, `RecOn`, `RecBy`, `RecByName`, `EditOn`, `EditBy`, `EditByName`) VALUES ('EF2184', 7, 'JW05', 79, 'JABIL FU', 'MOD 3XM2 防旋转夹具', 'MOD 3XM2', 'PNA90320/1 PNA90320/2 PNA90322/1', NULL, 'MOD 3XM2 防旋转', 2, 1230936, 'Lei Qian', NULL, '30', NULL, '2019-07-12 08:03:57', 1215072, 'Xianghai Zhang', '2019-07-12 08:03:57', 1215072, 'Xianghai Zhang');
INSERT INTO `tongs_definition`(`Code`, `WorkcellID`, `Workcell`, `FamilyID`, `Family`, `Name`, `Model`, `PartNo`, `Type`, `UsedFor`, `UPL`, `Owner`, `OwnerName`, `Remark`, `PMPeriod`, `PMType`, `RecOn`, `RecBy`, `RecByName`, `EditOn`, `EditBy`, `EditByName`) VALUES ('EF2185', 7, 'JW05', 79, 'JABIL FU', 'MOD 防旋转夹具', 'FU', 'PNA90320/1 PNA90320/2 PNA90322/1', NULL, '波导防旋转', 2, 1230936, 'Lei Qian', NULL, '30', NULL, '2019-07-04 16:13:01', 1215072, 'Xianghai Zhang', '2019-07-04 16:13:01', 1215072, 'Xianghai Zhang');
INSERT INTO `tongs_definition`(`Code`, `WorkcellID`, `Workcell`, `FamilyID`, `Family`, `Name`, `Model`, `PartNo`, `Type`, `UsedFor`, `UPL`, `Owner`, `OwnerName`, `Remark`, `PMPeriod`, `PMType`, `RecOn`, `RecBy`, `RecByName`, `EditOn`, `EditBy`, `EditByName`) VALUES ('EF2186', 7, 'JW05', 79, 'JABIL FU', 'MOD 3XM2 保护夹具', 'MOD 3XM2', 'PNA90320/1 PNA90320/2 PNA90322/1', NULL, '保护', 1, 1230936, 'Lei Qian', NULL, '30', NULL, '2019-07-12 08:02:37', 1215072, 'Xianghai Zhang', '2019-07-12 08:02:37', 1215072, 'Xianghai Zhang');
INSERT INTO `tongs_definition`(`Code`, `WorkcellID`, `Workcell`, `FamilyID`, `Family`, `Name`, `Model`, `PartNo`, `Type`, `UsedFor`, `UPL`, `Owner`, `OwnerName`, `Remark`, `PMPeriod`, `PMType`, `RecOn`, `RecBy`, `RecByName`, `EditOn`, `EditBy`, `EditByName`) VALUES ('EF2187', 7, 'JW05', 79, 'JABIL FU', 'MOD 盖板螺丝夹具', 'FU', 'PNA90320/1 PNA90320/2 PNA90322/1', NULL, 'AIB盖板螺丝', 1, 1230936, 'Lei Qian', NULL, '30', NULL, '2019-07-04 16:13:43', 1215072, 'Xianghai Zhang', '2019-07-04 16:13:43', 1215072, 'Xianghai Zhang');
INSERT INTO `tongs_definition`(`Code`, `WorkcellID`, `Workcell`, `FamilyID`, `Family`, `Name`, `Model`, `PartNo`, `Type`, `UsedFor`, `UPL`, `Owner`, `OwnerName`, `Remark`, `PMPeriod`, `PMType`, `RecOn`, `RecBy`, `RecByName`, `EditOn`, `EditBy`, `EditByName`) VALUES ('EF2188', 7, 'JW05', 79, 'JABIL FU', 'MOD 底座夹具', 'FU', 'PNA90320/1 PNA90320/2 PNA90322/1', NULL, 'MOD 底座', 2, 1230936, 'Lei Qian', NULL, '30', NULL, '2019-07-04 16:14:38', 1215072, 'Xianghai Zhang', '2019-07-04 16:14:38', 1215072, 'Xianghai Zhang');
INSERT INTO `tongs_definition`(`Code`, `WorkcellID`, `Workcell`, `FamilyID`, `Family`, `Name`, `Model`, `PartNo`, `Type`, `UsedFor`, `UPL`, `Owner`, `OwnerName`, `Remark`, `PMPeriod`, `PMType`, `RecOn`, `RecBy`, `RecByName`, `EditOn`, `EditBy`, `EditByName`) VALUES ('EF2189', 7, 'JW05', 79, 'JABIL FU', 'MOD 3XM2 调谐夹具', 'MOD 3XM2', 'PNA90320/1 PNA90320/2 PNA90322/1', NULL, '打调谐盖板', 3, 1230936, 'Lei Qian', NULL, '30', NULL, '2019-07-04 16:09:08', 1215072, 'Xianghai Zhang', '2019-07-04 16:09:08', 1215072, 'Xianghai Zhang');
INSERT INTO `tongs_definition`(`Code`, `WorkcellID`, `Workcell`, `FamilyID`, `Family`, `Name`, `Model`, `PartNo`, `Type`, `UsedFor`, `UPL`, `Owner`, `OwnerName`, `Remark`, `PMPeriod`, `PMType`, `RecOn`, `RecBy`, `RecByName`, `EditOn`, `EditBy`, `EditByName`) VALUES ('EF2190', 7, 'JW05', 79, 'JABIL FU', 'MOD 盖板螺丝夹具', 'MOD 3XM2', 'PNA90320/1 PNA90320/2 PNA90322/1', NULL, 'MOD 打盖板螺丝', 3, 1230936, 'Lei Qian', NULL, '30', NULL, '2019-07-04 16:16:52', 1215072, 'Xianghai Zhang', '2019-07-04 16:16:52', 1215072, 'Xianghai Zhang');
INSERT INTO `tongs_definition`(`Code`, `WorkcellID`, `Workcell`, `FamilyID`, `Family`, `Name`, `Model`, `PartNo`, `Type`, `UsedFor`, `UPL`, `Owner`, `OwnerName`, `Remark`, `PMPeriod`, `PMType`, `RecOn`, `RecBy`, `RecByName`, `EditOn`, `EditBy`, `EditByName`) VALUES ('EF2191', 7, 'JW05', 79, 'JABIL FU', 'MOD 3XM2 陶瓷安装夹具', 'MOD 3XM2', 'PNA90320/1 PNA90320/2 PNA90322/1', NULL, '陶瓷安装', 1, 1230936, 'Lei Qian', NULL, '30', NULL, '2019-07-04 16:10:56', 1215072, 'Xianghai Zhang', '2019-07-04 16:10:56', 1215072, 'Xianghai Zhang');
INSERT INTO `tongs_definition`(`Code`, `WorkcellID`, `Workcell`, `FamilyID`, `Family`, `Name`, `Model`, `PartNo`, `Type`, `UsedFor`, `UPL`, `Owner`, `OwnerName`, `Remark`, `PMPeriod`, `PMType`, `RecOn`, `RecBy`, `RecByName`, `EditOn`, `EditBy`, `EditByName`) VALUES ('EF2192', 7, 'JW05', 79, 'JABIL FU', 'MOD 3XM2 最终组装夹具', 'MOD 3XM2', 'PNA90320/1 PNA90320/2 PNA90322/1', NULL, 'MOD 3XM2 最终组装', 1, 1230936, 'Lei Qian', NULL, '30', NULL, '2019-07-12 08:04:40', 1215072, 'Xianghai Zhang', '2019-07-12 08:04:40', 1215072, 'Xianghai Zhang');
INSERT INTO `tongs_definition`(`Code`, `WorkcellID`, `Workcell`, `FamilyID`, `Family`, `Name`, `Model`, `PartNo`, `Type`, `UsedFor`, `UPL`, `Owner`, `OwnerName`, `Remark`, `PMPeriod`, `PMType`, `RecOn`, `RecBy`, `RecByName`, `EditOn`, `EditBy`, `EditByName`) VALUES ('EF2203', 7, 'JW05', 79, 'JABIL FU', 'MOD 波导防旋转夹具', 'FU', 'PNA90320/1 PNA90320/2 PNA90322/1', NULL, 'MOD 波导防旋转', 2, 1230936, 'Lei Qian', NULL, '30', NULL, '2019-07-04 16:15:18', 1215072, 'Xianghai Zhang', '2019-07-04 16:15:18', 1215072, 'Xianghai Zhang');
INSERT INTO `tongs_definition`(`Code`, `WorkcellID`, `Workcell`, `FamilyID`, `Family`, `Name`, `Model`, `PartNo`, `Type`, `UsedFor`, `UPL`, `Owner`, `OwnerName`, `Remark`, `PMPeriod`, `PMType`, `RecOn`, `RecBy`, `RecByName`, `EditOn`, `EditBy`, `EditByName`) VALUES ('EF2207', 7, 'JW05', 79, 'JABIL FU', 'MOD 3XM2 交叉耦合防旋转夹具', 'MOD 3XM2', 'PNA90320/1 PNA90320/2 PNA90322/1', NULL, 'MOD 3XM2 交叉耦合防旋转', 1, 1230936, 'Lei Qian', NULL, '30', NULL, '2019-07-16 15:16:26', 1215072, 'Xianghai Zhang', '2019-07-16 15:16:26', 1215072, 'Xianghai Zhang');
INSERT INTO `tongs_definition`(`Code`, `WorkcellID`, `Workcell`, `FamilyID`, `Family`, `Name`, `Model`, `PartNo`, `Type`, `UsedFor`, `UPL`, `Owner`, `OwnerName`, `Remark`, `PMPeriod`, `PMType`, `RecOn`, `RecBy`, `RecByName`, `EditOn`, `EditBy`, `EditByName`) VALUES ('EF2208', 7, 'JW05', 79, 'JABIL FU', 'MOD 3XM2 耦合防旋转夹具1', 'MOD 3XM2', 'PNA90320/1 PNA90320/2 PNA90322/1', NULL, 'MOD 3XM2 RX耦合防旋转', 1, 1230936, 'Lei Qian', NULL, '30', NULL, '2019-07-16 15:14:48', 1215072, 'Xianghai Zhang', '2019-07-16 15:14:48', 1215072, 'Xianghai Zhang');
INSERT INTO `tongs_definition`(`Code`, `WorkcellID`, `Workcell`, `FamilyID`, `Family`, `Name`, `Model`, `PartNo`, `Type`, `UsedFor`, `UPL`, `Owner`, `OwnerName`, `Remark`, `PMPeriod`, `PMType`, `RecOn`, `RecBy`, `RecByName`, `EditOn`, `EditBy`, `EditByName`) VALUES ('EF2209', 7, 'JW05', 79, 'JABIL FU', 'MOD 3XM2 RX耦合防旋转夹具2', 'MOD 3XM2', 'PNA90320/1 PNA90320/2 PNA90322/1', NULL, 'MOD 3XM2 RX耦合防旋转', 1, 1230936, 'Lei Qian', NULL, '30', NULL, '2019-07-16 15:17:46', 1215072, 'Xianghai Zhang', '2019-07-16 15:17:46', 1215072, 'Xianghai Zhang');
INSERT INTO `tongs_definition`(`Code`, `WorkcellID`, `Workcell`, `FamilyID`, `Family`, `Name`, `Model`, `PartNo`, `Type`, `UsedFor`, `UPL`, `Owner`, `OwnerName`, `Remark`, `PMPeriod`, `PMType`, `RecOn`, `RecBy`, `RecByName`, `EditOn`, `EditBy`, `EditByName`) VALUES ('EF2210', 7, 'JW05', 79, 'JABIL FU', 'MOD 盖板螺丝夹具', 'FU', 'PNA90320/1 PNA90320/2 PNA90322/1', NULL, 'MOD 盖板螺丝', 3, 1230936, 'Lei Qian', NULL, '30', NULL, '2019-07-18 16:00:26', 1215072, 'Xianghai Zhang', '2019-07-18 16:00:26', 1215072, 'Xianghai Zhang');
INSERT INTO `tongs_definition`(`Code`, `WorkcellID`, `Workcell`, `FamilyID`, `Family`, `Name`, `Model`, `PartNo`, `Type`, `UsedFor`, `UPL`, `Owner`, `OwnerName`, `Remark`, `PMPeriod`, `PMType`, `RecOn`, `RecBy`, `RecByName`, `EditOn`, `EditBy`, `EditByName`) VALUES ('EF2234', 7, 'JW05', 79, 'JABIL FU', 'MOD 3XM2 防旋转夹具1', 'MOD 3XM2', 'PNA90320/1 PNA90320/2 PNA90322/1', NULL, 'MOD 3XM2 防旋转', 1, 1230936, 'Lei Qian', NULL, '30', NULL, '2019-10-31 10:03:06', 1215072, 'Xianghai Zhang', '2019-11-01 08:23:05', 1215072, 'Xianghai Zhang');
INSERT INTO `tongs_definition`(`Code`, `WorkcellID`, `Workcell`, `FamilyID`, `Family`, `Name`, `Model`, `PartNo`, `Type`, `UsedFor`, `UPL`, `Owner`, `OwnerName`, `Remark`, `PMPeriod`, `PMType`, `RecOn`, `RecBy`, `RecByName`, `EditOn`, `EditBy`, `EditByName`) VALUES ('EF2235', 7, 'JW05', 79, 'JABIL FU', 'MOD 3XM2 防旋转夹具2', 'MOD 3XM2', 'PNA90320/1 PNA90320/2 PNA90322/1', NULL, 'MOD 3XM2 防旋转', 1, 1230936, 'Lei Qian', NULL, '30', NULL, '2019-10-31 10:04:20', 1215072, 'Xianghai Zhang', '2019-11-01 08:23:25', 1215072, 'Xianghai Zhang');
INSERT INTO `tongs_definition`(`Code`, `WorkcellID`, `Workcell`, `FamilyID`, `Family`, `Name`, `Model`, `PartNo`, `Type`, `UsedFor`, `UPL`, `Owner`, `OwnerName`, `Remark`, `PMPeriod`, `PMType`, `RecOn`, `RecBy`, `RecByName`, `EditOn`, `EditBy`, `EditByName`) VALUES ('EF2236', 7, 'JW05', 79, 'JABIL FU', 'MOD 3XM2 防旋转夹具1', 'MOD 3XM2', 'PNA90320/1 PNA90320/2 PNA90322/1', NULL, 'MOD 3XM2 防旋转', 1, 1230936, 'Lei Qian', NULL, '30', NULL, '2019-10-31 10:05:13', 1215072, 'Xianghai Zhang', '2019-11-01 08:23:43', 1215072, 'Xianghai Zhang');
INSERT INTO `tongs_definition`(`Code`, `WorkcellID`, `Workcell`, `FamilyID`, `Family`, `Name`, `Model`, `PartNo`, `Type`, `UsedFor`, `UPL`, `Owner`, `OwnerName`, `Remark`, `PMPeriod`, `PMType`, `RecOn`, `RecBy`, `RecByName`, `EditOn`, `EditBy`, `EditByName`) VALUES ('EF2237', 7, 'JW05', 79, 'JABIL FU', 'MOD 3XM2 防旋转夹具2', 'MOD 3XM2', 'PNA90320/1 PNA90320/2 PNA90322/1', NULL, 'MOD 3XM2 防旋转', 1, 1230936, 'Lei Qian', NULL, '30', NULL, '2019-10-31 10:06:12', 1215072, 'Xianghai Zhang', '2019-11-01 08:23:59', 1215072, 'Xianghai Zhang');
INSERT INTO `tongs_definition`(`Code`, `WorkcellID`, `Workcell`, `FamilyID`, `Family`, `Name`, `Model`, `PartNo`, `Type`, `UsedFor`, `UPL`, `Owner`, `OwnerName`, `Remark`, `PMPeriod`, `PMType`, `RecOn`, `RecBy`, `RecByName`, `EditOn`, `EditBy`, `EditByName`) VALUES ('EF2238', 7, 'JW05', 79, 'JABIL FU', 'MOD 3XM2 防旋转夹具1', 'MOD 3XM2', 'PNA90320/1 PNA90320/2 PNA90322/1', NULL, 'MOD 3XM2 防旋转', 1, 1230936, 'Lei Qian', NULL, '30', NULL, '2019-10-31 10:06:46', 1215072, 'Xianghai Zhang', '2019-11-01 08:24:14', 1215072, 'Xianghai Zhang');
INSERT INTO `tongs_definition`(`Code`, `WorkcellID`, `Workcell`, `FamilyID`, `Family`, `Name`, `Model`, `PartNo`, `Type`, `UsedFor`, `UPL`, `Owner`, `OwnerName`, `Remark`, `PMPeriod`, `PMType`, `RecOn`, `RecBy`, `RecByName`, `EditOn`, `EditBy`, `EditByName`) VALUES ('EF2239', 7, 'JW05', 79, 'JABIL FU', 'MOD 3XM2 防旋转夹具2', 'MOD 3XM2', 'PNA90320/1 PNA90320/2 PNA90322/1', NULL, 'MOD 3XM2 防旋转', 1, 1230936, 'Lei Qian', NULL, '30', NULL, '2019-10-31 10:07:29', 1215072, 'Xianghai Zhang', '2019-11-01 08:24:31', 1215072, 'Xianghai Zhang');
INSERT INTO `tongs_definition`(`Code`, `WorkcellID`, `Workcell`, `FamilyID`, `Family`, `Name`, `Model`, `PartNo`, `Type`, `UsedFor`, `UPL`, `Owner`, `OwnerName`, `Remark`, `PMPeriod`, `PMType`, `RecOn`, `RecBy`, `RecByName`, `EditOn`, `EditBy`, `EditByName`) VALUES ('EF2240', 7, 'JW05', 79, 'JABIL FU', 'MOD 3XM2 防旋转夹具1', 'MOD 3XM2', 'PNA90320/1 PNA90320/2 PNA90322/1', NULL, 'MOD 3XM2 防旋转', 1, 1230936, 'Lei Qian', NULL, '30', NULL, '2019-10-31 10:08:10', 1215072, 'Xianghai Zhang', '2019-11-01 08:24:51', 1215072, 'Xianghai Zhang');
INSERT INTO `tongs_definition`(`Code`, `WorkcellID`, `Workcell`, `FamilyID`, `Family`, `Name`, `Model`, `PartNo`, `Type`, `UsedFor`, `UPL`, `Owner`, `OwnerName`, `Remark`, `PMPeriod`, `PMType`, `RecOn`, `RecBy`, `RecByName`, `EditOn`, `EditBy`, `EditByName`) VALUES ('EF2241', 7, 'JW05', 79, 'JABIL FU', 'MOD 3XM2 防旋转夹具2', 'MOD 3XM2', 'PNA90320/1 PNA90320/2 PNA90322/1', NULL, 'MOD 3XM2 防旋转', 1, 1230936, 'Lei Qian', NULL, '30', NULL, '2019-10-31 10:08:44', 1215072, 'Xianghai Zhang', '2019-11-07 10:00:53', 1284663, 'Abin Liu');
INSERT INTO `tongs_entity`(`Code`, `SeqID`, `Model`, `PartNo`, `BillNo`, `RegDate`, `Location`, `Bin`, `State`, `Photo`, `UsedCount`, `ErrProbability`) VALUES ('EF0789', 1, 'MOD 3XM2', 'PNA90320/1 PNA90320/2 PNA90322/1', 'BO19070500000002', '2019-07-05 16:42:00', '3-A2', 5, '在库', 'url:?', 0, '0');
INSERT INTO `tongs_entity`(`Code`, `SeqID`, `Model`, `PartNo`, `BillNo`, `RegDate`, `Location`, `Bin`, `State`, `Photo`, `UsedCount`, `ErrProbability`) VALUES ('EF0798', 1, 'FU', 'PNA90320/1 PNA90320/2 PNA90322/1', 'BO19072900000018', '2019-07-29 08:54:00', '2-A2', 3, '在库', 'url:?', 0, '0');
INSERT INTO `tongs_entity`(`Code`, `SeqID`, `Model`, `PartNo`, `BillNo`, `RegDate`, `Location`, `Bin`, `State`, `Photo`, `UsedCount`, `ErrProbability`) VALUES ('EF2184', 1, 'MOD 3XM2', 'PNA90320/1 PNA90320/2 PNA90322/1', 'BO19071200000004', '2019-07-12 09:03:00', '1-B4', 3, '在库', 'url:?', 0, '0');
INSERT INTO `tongs_entity`(`Code`, `SeqID`, `Model`, `PartNo`, `BillNo`, `RegDate`, `Location`, `Bin`, `State`, `Photo`, `UsedCount`, `ErrProbability`) VALUES ('EF2185', 1, 'FU', 'PNA90320/1 PNA90320/2 PNA90322/1', 'BO19070600000006', '2019-07-09 15:48:00', '1-A2', 3, '在库', 'url:?', 0, '0');
INSERT INTO `tongs_entity`(`Code`, `SeqID`, `Model`, `PartNo`, `BillNo`, `RegDate`, `Location`, `Bin`, `State`, `Photo`, `UsedCount`, `ErrProbability`) VALUES ('EF2186', 1, 'MOD 3XM2', 'PNA90320/1 PNA90320/2 PNA90322/1', 'BO19071200000002', '2019-07-12 09:03:00', '3-A3', 3, '在库', 'url:?', 0, '0');
INSERT INTO `tongs_entity`(`Code`, `SeqID`, `Model`, `PartNo`, `BillNo`, `RegDate`, `Location`, `Bin`, `State`, `Photo`, `UsedCount`, `ErrProbability`) VALUES ('EF2187', 1, 'FU', 'PNA90320/1 PNA90320/2 PNA90322/1', 'BO19070500000003', '2019-07-05 16:42:00', '1-B1', 8, '在库', 'url:?', 0, '0');
INSERT INTO `tongs_entity`(`Code`, `SeqID`, `Model`, `PartNo`, `BillNo`, `RegDate`, `Location`, `Bin`, `State`, `Photo`, `UsedCount`, `ErrProbability`) VALUES ('EF2188', 1, 'FU', 'PNA90320/1 PNA90320/2 PNA90322/1', 'BO19070500000005', '2019-07-05 16:42:00', '3-A2', 6, '在库', 'url:?', 0, '0');
INSERT INTO `tongs_entity`(`Code`, `SeqID`, `Model`, `PartNo`, `BillNo`, `RegDate`, `Location`, `Bin`, `State`, `Photo`, `UsedCount`, `ErrProbability`) VALUES ('EF2189', 1, 'MOD 3XM2', 'PNA90320/1 PNA90320/2 PNA90322/1', 'BO19070600000007', '2019-07-09 15:48:00', '5-A3', 1, '在库', 'url:?', 0, '0');
INSERT INTO `tongs_entity`(`Code`, `SeqID`, `Model`, `PartNo`, `BillNo`, `RegDate`, `Location`, `Bin`, `State`, `Photo`, `UsedCount`, `ErrProbability`) VALUES ('EF2190', 1, 'MOD 3XM2', 'PNA90320/1 PNA90320/2 PNA90322/1', 'BO19070500000006', '2019-07-05 16:42:00', '5-B2', 6, '在库', 'url:?', 0, '0');
INSERT INTO `tongs_entity`(`Code`, `SeqID`, `Model`, `PartNo`, `BillNo`, `RegDate`, `Location`, `Bin`, `State`, `Photo`, `UsedCount`, `ErrProbability`) VALUES ('EF2191', 1, 'MOD 3XM2', 'PNA90320/1 PNA90320/2 PNA90322/1', 'BO19070500000007', '2019-07-05 16:42:00', '4-B2', 2, '在库', 'url:?', 0, '0');
INSERT INTO `tongs_entity`(`Code`, `SeqID`, `Model`, `PartNo`, `BillNo`, `RegDate`, `Location`, `Bin`, `State`, `Photo`, `UsedCount`, `ErrProbability`) VALUES ('EF2192', 1, 'MOD 3XM2', 'PNA90320/1 PNA90320/2 PNA90322/1', 'BO19071200000005', '2019-07-12 09:03:00', '4-B3', 3, '在库', 'url:?', 0, '0');
INSERT INTO `tongs_entity`(`Code`, `SeqID`, `Model`, `PartNo`, `BillNo`, `RegDate`, `Location`, `Bin`, `State`, `Photo`, `UsedCount`, `ErrProbability`) VALUES ('EF2203', 3, 'FU', 'PNA90320/1 PNA90320/2 PNA90322/1', 'BO19080900000001', '2019-08-09 16:32:00', '4-A1', 4, '在库', 'url:?', 0, '0');
INSERT INTO `tongs_entity`(`Code`, `SeqID`, `Model`, `PartNo`, `BillNo`, `RegDate`, `Location`, `Bin`, `State`, `Photo`, `UsedCount`, `ErrProbability`) VALUES ('EF2207', 1, 'MOD 3XM2', 'PNA90320/1 PNA90320/2 PNA90322/1', 'BO19071600000002', '2019-07-16 16:09:00', '4-C4', 7, '在库', 'url:?', 0, '0');
INSERT INTO `tongs_entity`(`Code`, `SeqID`, `Model`, `PartNo`, `BillNo`, `RegDate`, `Location`, `Bin`, `State`, `Photo`, `UsedCount`, `ErrProbability`) VALUES ('EF2208', 1, 'MOD 3XM2', 'PNA90320/1 PNA90320/2 PNA90322/1', 'BO19071600000003', '2019-07-16 16:09:00', '4-A3', 10, '在库', 'url:?', 0, '0');
INSERT INTO `tongs_entity`(`Code`, `SeqID`, `Model`, `PartNo`, `BillNo`, `RegDate`, `Location`, `Bin`, `State`, `Photo`, `UsedCount`, `ErrProbability`) VALUES ('EF2209', 1, 'MOD 3XM2', 'PNA90320/1 PNA90320/2 PNA90322/1', 'BO19071600000004', '2019-07-16 16:09:00', '1-B4', 2, '在库', 'url:?', 0, '0');
INSERT INTO `tongs_entity`(`Code`, `SeqID`, `Model`, `PartNo`, `BillNo`, `RegDate`, `Location`, `Bin`, `State`, `Photo`, `UsedCount`, `ErrProbability`) VALUES ('EF2210', 1, 'FU', 'PNA90320/1 PNA90320/2 PNA90322/1', 'BO19072900000030', '2019-07-29 08:53:00', '4-C2', 10, '在库', 'url:?', 0, '0');
INSERT INTO `tongs_entity`(`Code`, `SeqID`, `Model`, `PartNo`, `BillNo`, `RegDate`, `Location`, `Bin`, `State`, `Photo`, `UsedCount`, `ErrProbability`) VALUES ('EF2234', 1, 'MOD 3XM2', 'PNA90320/1 PNA90320/2 PNA90322/1', 'BO19103100000001', '2019-10-31 12:42:00', '4-C2', 5, '在库', 'url:?', 0, '0');
INSERT INTO `tongs_entity`(`Code`, `SeqID`, `Model`, `PartNo`, `BillNo`, `RegDate`, `Location`, `Bin`, `State`, `Photo`, `UsedCount`, `ErrProbability`) VALUES ('EF2235', 1, 'MOD 3XM2', 'PNA90320/1 PNA90320/2 PNA90322/1', 'BO19103100000002', '2019-10-31 12:42:00', '4-C3', 9, '在库', 'url:?', 0, '0');
INSERT INTO `tongs_entity`(`Code`, `SeqID`, `Model`, `PartNo`, `BillNo`, `RegDate`, `Location`, `Bin`, `State`, `Photo`, `UsedCount`, `ErrProbability`) VALUES ('EF2236', 1, 'MOD 3XM2', 'PNA90320/1 PNA90320/2 PNA90322/1', 'BO19103100000003', '2019-10-31 12:42:00', '4-B3', 8, '在库', 'url:?', 0, '0');
INSERT INTO `tongs_entity`(`Code`, `SeqID`, `Model`, `PartNo`, `BillNo`, `RegDate`, `Location`, `Bin`, `State`, `Photo`, `UsedCount`, `ErrProbability`) VALUES ('EF2237', 1, 'MOD 3XM2', 'PNA90320/1 PNA90320/2 PNA90322/1', 'BO19103100000004', '2019-10-31 12:42:00', '5-C4', 5, '在库', 'url:?', 0, '0');
INSERT INTO `tongs_entity`(`Code`, `SeqID`, `Model`, `PartNo`, `BillNo`, `RegDate`, `Location`, `Bin`, `State`, `Photo`, `UsedCount`, `ErrProbability`) VALUES ('EF2238', 1, 'MOD 3XM2', 'PNA90320/1 PNA90320/2 PNA90322/1', 'BO19103100000005', '2019-10-31 12:42:00', '5-A4', 10, '在库', 'url:?', 0, '0');
INSERT INTO `tongs_entity`(`Code`, `SeqID`, `Model`, `PartNo`, `BillNo`, `RegDate`, `Location`, `Bin`, `State`, `Photo`, `UsedCount`, `ErrProbability`) VALUES ('EF2239', 1, 'MOD 3XM2', 'PNA90320/1 PNA90320/2 PNA90322/1', 'BO19103100000006', '2019-10-31 12:42:00', '2-A2', 8, '在库', 'url:?', 0, '0');
INSERT INTO `tongs_entity`(`Code`, `SeqID`, `Model`, `PartNo`, `BillNo`, `RegDate`, `Location`, `Bin`, `State`, `Photo`, `UsedCount`, `ErrProbability`) VALUES ('EF2240', 1, 'MOD 3XM2', 'PNA90320/1 PNA90320/2 PNA90322/1', 'BO19103100000007', '2019-10-31 12:41:00', '1-B2', 2, '在库', 'url:?', 0, '0');
INSERT INTO `tongs_entity`(`Code`, `SeqID`, `Model`, `PartNo`, `BillNo`, `RegDate`, `Location`, `Bin`, `State`, `Photo`, `UsedCount`, `ErrProbability`) VALUES ('EF2241', 1, 'MOD 3XM2', 'PNA90320/1 PNA90320/2 PNA90322/1', 'BO19103100000008', '2019-10-31 12:41:00', '4-A2', 10, '在库', 'url:?', 0, '0');
INSERT INTO `users`(`username`, `Password`, `EmpID`, `Level`) VALUES (1000000, '00000000', NULL, 6);
INSERT INTO `users`(`username`, `Password`, `EmpID`, `Level`) VALUES (1000001, '12345678', NULL, 5);
INSERT INTO `users`(`username`, `Password`, `EmpID`, `Level`) VALUES (1207001, 'chushimima', 1207001, 4);
INSERT INTO `users`(`username`, `Password`, `EmpID`, `Level`) VALUES (1207002, 'chushimima', 1207002, 3);
INSERT INTO `users`(`username`, `Password`, `EmpID`, `Level`) VALUES (1207003, 'chushimima', 1207003, 2);
INSERT INTO `users`(`username`, `Password`, `EmpID`, `Level`) VALUES (1207004, 'chushimima', 1207004, 1);
INSERT INTO `users`(`username`, `Password`, `EmpID`, `Level`) VALUES (1207005, 'chushimima', 1207005, 1);
INSERT INTO `users`(`username`, `Password`, `EmpID`, `Level`) VALUES (1212001, 'chushimima', 1212001, 3);
INSERT INTO `users`(`username`, `Password`, `EmpID`, `Level`) VALUES (1212002, 'chushimima', 1212002, 2);
INSERT INTO `users`(`username`, `Password`, `EmpID`, `Level`) VALUES (1212003, 'chushimima', 1212003, 1);
INSERT INTO `users`(`username`, `Password`, `EmpID`, `Level`) VALUES (1212004, 'chushimima', 1212004, 1);
INSERT INTO `users`(`username`, `Password`, `EmpID`, `Level`) VALUES (1212005, 'chushimima', 1212005, 1);
INSERT INTO `users`(`username`, `Password`, `EmpID`, `Level`) VALUES (1236001, 'chushimima', 1236001, 3);
INSERT INTO `users`(`username`, `Password`, `EmpID`, `Level`) VALUES (1236002, 'chushimima', 1236002, 2);
INSERT INTO `users`(`username`, `Password`, `EmpID`, `Level`) VALUES (1236003, 'chushimima', 1236003, 2);
INSERT INTO `users`(`username`, `Password`, `EmpID`, `Level`) VALUES (1236004, 'chushimima', 1236004, 2);
INSERT INTO `users`(`username`, `Password`, `EmpID`, `Level`) VALUES (1236005, 'chushimima', 1236005, 1);
INSERT INTO `users`(`username`, `Password`, `EmpID`, `Level`) VALUES (1236006, 'chushimima', 1236006, 1);
INSERT INTO `users`(`username`, `Password`, `EmpID`, `Level`) VALUES (1236007, 'chushimima', 1236007, 1);
INSERT INTO `warehousing`(`Code`, `SeqID`, `ProductID`, `LineID`, `ShiftTime`, `WarehousingDate`, `BufferZone`, `BufferZDate`, `Location`, `Bin`, `Handler1ID`, `Recorder1ID`, `Handler2ID`, `Recorder2ID`) VALUES ('EF0789', 1, 18, 5, 0, '2019-10-25 10:26:58', '否', NULL, '3-A2', 5, 1212003, 1212004, NULL, NULL);
INSERT INTO `warehousing`(`Code`, `SeqID`, `ProductID`, `LineID`, `ShiftTime`, `WarehousingDate`, `BufferZone`, `BufferZDate`, `Location`, `Bin`, `Handler1ID`, `Recorder1ID`, `Handler2ID`, `Recorder2ID`) VALUES ('EF0798', 1, 17, 16, 0, '2019-09-01 08:39:17', '否', NULL, '2-A2', 3, 1236006, 1236005, NULL, NULL);
INSERT INTO `warehousing`(`Code`, `SeqID`, `ProductID`, `LineID`, `ShiftTime`, `WarehousingDate`, `BufferZone`, `BufferZDate`, `Location`, `Bin`, `Handler1ID`, `Recorder1ID`, `Handler2ID`, `Recorder2ID`) VALUES ('EF2184', 1, 21, 24, 2, '2019-09-15 04:21:12', '否', NULL, '1-B4', 3, 1207005, 1207005, NULL, NULL);
INSERT INTO `warehousing`(`Code`, `SeqID`, `ProductID`, `LineID`, `ShiftTime`, `WarehousingDate`, `BufferZone`, `BufferZDate`, `Location`, `Bin`, `Handler1ID`, `Recorder1ID`, `Handler2ID`, `Recorder2ID`) VALUES ('EF2185', 1, 24, 26, 0, '2019-08-14 07:02:20', '是', '2019-08-16 23:12:06', '1-A2', 3, 1236005, 1236003, 1236002, 1236002);
INSERT INTO `warehousing`(`Code`, `SeqID`, `ProductID`, `LineID`, `ShiftTime`, `WarehousingDate`, `BufferZone`, `BufferZDate`, `Location`, `Bin`, `Handler1ID`, `Recorder1ID`, `Handler2ID`, `Recorder2ID`) VALUES ('EF2186', 1, 28, 15, 1, '2019-09-25 15:33:53', '是', '2019-09-28 16:14:15', '3-A3', 3, 1212004, 1212002, 1207003, 1207003);
INSERT INTO `warehousing`(`Code`, `SeqID`, `ProductID`, `LineID`, `ShiftTime`, `WarehousingDate`, `BufferZone`, `BufferZDate`, `Location`, `Bin`, `Handler1ID`, `Recorder1ID`, `Handler2ID`, `Recorder2ID`) VALUES ('EF2187', 1, 20, 9, 0, '2019-10-10 06:17:39', '是', '2019-10-15 09:09:49', '1-B1', 8, 1236006, 1236003, 1236002, 1236002);
INSERT INTO `warehousing`(`Code`, `SeqID`, `ProductID`, `LineID`, `ShiftTime`, `WarehousingDate`, `BufferZone`, `BufferZDate`, `Location`, `Bin`, `Handler1ID`, `Recorder1ID`, `Handler2ID`, `Recorder2ID`) VALUES ('EF2188', 1, 24, 26, 0, '2019-09-10 07:26:19', '是', '2019-09-11 20:34:19', '3-A2', 6, 1212003, 1212003, 1207003, 1207003);
INSERT INTO `warehousing`(`Code`, `SeqID`, `ProductID`, `LineID`, `ShiftTime`, `WarehousingDate`, `BufferZone`, `BufferZDate`, `Location`, `Bin`, `Handler1ID`, `Recorder1ID`, `Handler2ID`, `Recorder2ID`) VALUES ('EF2189', 1, 13, 19, 1, '2019-09-23 21:04:40', '否', NULL, '5-A3', 1, 1236007, 1212002, NULL, NULL);
INSERT INTO `warehousing`(`Code`, `SeqID`, `ProductID`, `LineID`, `ShiftTime`, `WarehousingDate`, `BufferZone`, `BufferZDate`, `Location`, `Bin`, `Handler1ID`, `Recorder1ID`, `Handler2ID`, `Recorder2ID`) VALUES ('EF2190', 1, 22, 25, 2, '2019-08-26 00:19:36', '是', '2019-08-30 04:23:16', '5-B2', 6, 1212004, 1236002, 1236002, 1236002);
INSERT INTO `warehousing`(`Code`, `SeqID`, `ProductID`, `LineID`, `ShiftTime`, `WarehousingDate`, `BufferZone`, `BufferZDate`, `Location`, `Bin`, `Handler1ID`, `Recorder1ID`, `Handler2ID`, `Recorder2ID`) VALUES ('EF2191', 1, 20, 9, 0, '2019-08-15 10:35:41', '否', NULL, '4-B2', 2, 1212004, 1236004, NULL, NULL);
INSERT INTO `warehousing`(`Code`, `SeqID`, `ProductID`, `LineID`, `ShiftTime`, `WarehousingDate`, `BufferZone`, `BufferZDate`, `Location`, `Bin`, `Handler1ID`, `Recorder1ID`, `Handler2ID`, `Recorder2ID`) VALUES ('EF2192', 1, 25, 21, 1, '2019-10-11 17:37:55', '否', NULL, '4-B3', 3, 1207005, 1236004, NULL, NULL);
INSERT INTO `warehousing`(`Code`, `SeqID`, `ProductID`, `LineID`, `ShiftTime`, `WarehousingDate`, `BufferZone`, `BufferZDate`, `Location`, `Bin`, `Handler1ID`, `Recorder1ID`, `Handler2ID`, `Recorder2ID`) VALUES ('EF2203', 3, 15, 20, 1, '2019-10-02 21:17:50', '否', NULL, '4-A1', 4, 1207005, 1212004, NULL, NULL);
INSERT INTO `warehousing`(`Code`, `SeqID`, `ProductID`, `LineID`, `ShiftTime`, `WarehousingDate`, `BufferZone`, `BufferZDate`, `Location`, `Bin`, `Handler1ID`, `Recorder1ID`, `Handler2ID`, `Recorder2ID`) VALUES ('EF2207', 1, 12, 3, 0, '2019-09-10 13:50:32', '是', '2019-09-11 18:00:53', '4-C4', 7, 1236006, 1236002, 1236004, 1236004);
INSERT INTO `warehousing`(`Code`, `SeqID`, `ProductID`, `LineID`, `ShiftTime`, `WarehousingDate`, `BufferZone`, `BufferZDate`, `Location`, `Bin`, `Handler1ID`, `Recorder1ID`, `Handler2ID`, `Recorder2ID`) VALUES ('EF2208', 1, 27, 14, 2, '2019-08-09 22:48:15', '是', '2019-08-11 02:55:20', '4-A3', 10, 1236005, 1236002, 1212002, 1212002);
INSERT INTO `warehousing`(`Code`, `SeqID`, `ProductID`, `LineID`, `ShiftTime`, `WarehousingDate`, `BufferZone`, `BufferZDate`, `Location`, `Bin`, `Handler1ID`, `Recorder1ID`, `Handler2ID`, `Recorder2ID`) VALUES ('EF2209', 1, 28, 15, 0, '2019-10-17 06:34:05', '否', NULL, '1-B4', 2, 1207005, 1236003, NULL, NULL);
INSERT INTO `warehousing`(`Code`, `SeqID`, `ProductID`, `LineID`, `ShiftTime`, `WarehousingDate`, `BufferZone`, `BufferZDate`, `Location`, `Bin`, `Handler1ID`, `Recorder1ID`, `Handler2ID`, `Recorder2ID`) VALUES ('EF2210', 1, 10, 8, 2, '2019-10-14 05:32:09', '否', NULL, '4-C2', 10, 1207004, 1236007, NULL, NULL);
INSERT INTO `warehousing`(`Code`, `SeqID`, `ProductID`, `LineID`, `ShiftTime`, `WarehousingDate`, `BufferZone`, `BufferZDate`, `Location`, `Bin`, `Handler1ID`, `Recorder1ID`, `Handler2ID`, `Recorder2ID`) VALUES ('EF2234', 1, 15, 20, 0, '2019-08-05 09:34:40', '是', '2019-08-05 13:05:51', '4-C2', 5, 1236006, 1212003, 1212002, 1212002);
INSERT INTO `warehousing`(`Code`, `SeqID`, `ProductID`, `LineID`, `ShiftTime`, `WarehousingDate`, `BufferZone`, `BufferZDate`, `Location`, `Bin`, `Handler1ID`, `Recorder1ID`, `Handler2ID`, `Recorder2ID`) VALUES ('EF2235', 1, 17, 16, 1, '2019-10-11 21:12:25', '是', '2019-10-14 04:34:25', '4-C3', 9, 1212005, 1236004, 1207003, 1207003);
INSERT INTO `warehousing`(`Code`, `SeqID`, `ProductID`, `LineID`, `ShiftTime`, `WarehousingDate`, `BufferZone`, `BufferZDate`, `Location`, `Bin`, `Handler1ID`, `Recorder1ID`, `Handler2ID`, `Recorder2ID`) VALUES ('EF2236', 1, 12, 3, 0, '2019-09-12 09:41:23', '是', '2019-09-17 16:29:37', '4-B3', 8, 1236007, 1236007, 1236004, 1236004);
INSERT INTO `warehousing`(`Code`, `SeqID`, `ProductID`, `LineID`, `ShiftTime`, `WarehousingDate`, `BufferZone`, `BufferZDate`, `Location`, `Bin`, `Handler1ID`, `Recorder1ID`, `Handler2ID`, `Recorder2ID`) VALUES ('EF2237', 1, 19, 6, 1, '2019-10-01 14:53:43', '否', NULL, '5-C4', 5, 1236006, 1236003, NULL, NULL);
INSERT INTO `warehousing`(`Code`, `SeqID`, `ProductID`, `LineID`, `ShiftTime`, `WarehousingDate`, `BufferZone`, `BufferZDate`, `Location`, `Bin`, `Handler1ID`, `Recorder1ID`, `Handler2ID`, `Recorder2ID`) VALUES ('EF2238', 1, 28, 15, 2, '2019-10-17 01:34:40', '否', NULL, '5-A4', 10, 1212004, 1212002, NULL, NULL);
INSERT INTO `warehousing`(`Code`, `SeqID`, `ProductID`, `LineID`, `ShiftTime`, `WarehousingDate`, `BufferZone`, `BufferZDate`, `Location`, `Bin`, `Handler1ID`, `Recorder1ID`, `Handler2ID`, `Recorder2ID`) VALUES ('EF2239', 1, 13, 19, 0, '2019-10-15 10:34:38', '否', NULL, '2-A2', 8, 1236007, 1236003, NULL, NULL);
INSERT INTO `warehousing`(`Code`, `SeqID`, `ProductID`, `LineID`, `ShiftTime`, `WarehousingDate`, `BufferZone`, `BufferZDate`, `Location`, `Bin`, `Handler1ID`, `Recorder1ID`, `Handler2ID`, `Recorder2ID`) VALUES ('EF2240', 1, 12, 3, 1, '2019-09-13 18:34:34', '否', NULL, '1-B2', 2, 1236007, 1207005, NULL, NULL);
INSERT INTO `warehousing`(`Code`, `SeqID`, `ProductID`, `LineID`, `ShiftTime`, `WarehousingDate`, `BufferZone`, `BufferZDate`, `Location`, `Bin`, `Handler1ID`, `Recorder1ID`, `Handler2ID`, `Recorder2ID`) VALUES ('EF2241', 1, 10, 8, 1, '2019-08-02 19:56:16', '否', NULL, '4-A2', 10, 1236006, 1236005, NULL, NULL);
